homeTeam,awayTeam,homeGoals,awayGoals,month,pHomeWin1,pDraw1,pAwayWin1,pHomeWin2,pDraw2,pAwayWin2,pHomeWin3,pDraw3,pAwayWin3,homePoints,awayPoints,homeRank,awayRank,homeGlobalRank,awayGlobalRank,homeAccuracy,awayAccuracy,homeEfficiency,awayEfficiency,homeVulnerability,awayVulnerability,openningOddHome,openningOddDraw,openningOddAway,closingOddHome,closingOddDraw,closingOddAway
Bayern Munich,M'gladbach,3,1,8,nan,nan,nan,0.5,0.0,0.5,0.5,0.0,0.5,0.0,0.0,1,13.0,1,13,nan,nan,nan,nan,nan,nan,1.14,10.08,21.46,1.15,9.02,22.5
Augsburg,Dortmund,0,4,8,nan,nan,nan,0.5,0.0,0.5,0.5,0.0,0.5,0.0,0.0,2,17.0,2,17,nan,nan,nan,nan,nan,nan,8.25,4.69,1.46,6.48,4.25,1.58
Braunschweig,Werder Bremen,0,1,8,nan,nan,nan,0.5,0.0,0.5,0.5,0.0,0.5,0.0,0.0,3,16.0,4,16,nan,nan,nan,nan,nan,nan,2.89,3.57,2.54,3.03,3.42,2.5
Hannover,Wolfsburg,2,0,8,nan,nan,nan,0.5,0.0,0.5,0.5,0.0,0.5,0.0,0.0,4,17.0,6,17,nan,nan,nan,nan,nan,nan,2.84,3.5,2.61,3.34,3.46,2.31
Hertha,Ein Frankfurt,6,1,8,nan,nan,nan,0.5,0.0,0.5,0.5,0.0,0.5,0.0,0.0,5,12.0,7,12,nan,nan,nan,nan,nan,nan,2.38,3.52,3.16,2.59,3.3,3.02
Hoffenheim,Nurnberg,2,2,8,nan,nan,nan,0.5,0.0,0.5,0.5,0.0,0.5,0.0,0.0,6,18.0,8,18,nan,nan,nan,nan,nan,nan,2.11,3.51,3.83,2.12,3.36,3.93
Leverkusen,Freiburg,3,1,8,nan,nan,nan,0.5,0.0,0.5,0.5,0.0,0.5,0.0,0.0,7,14.0,10,14,nan,nan,nan,nan,nan,nan,1.46,4.81,7.89,1.51,4.51,7.41
Mainz,Stuttgart,3,2,8,nan,nan,nan,0.5,0.0,0.5,0.5,0.0,0.5,0.0,0.0,8,17.0,11,17,nan,nan,nan,nan,nan,nan,2.47,3.46,3.07,2.13,3.4,3.9
Schalke 04,Hamburg,3,3,8,nan,nan,nan,0.5,0.0,0.5,0.5,0.0,0.5,0.0,0.0,9,15.0,12,15,nan,nan,nan,nan,nan,nan,1.48,4.86,7.2,1.46,4.86,7.67
Ein Frankfurt,Bayern Munich,0,1,8,nan,nan,nan,0.5,0.0,0.5,0.5,0.0,0.5,0.0,0.0,10,5.0,14,1,nan,nan,nan,nan,nan,nan,12.8,6.3,1.28,13.68,6.81,1.25
Freiburg,Mainz,1,2,8,nan,nan,nan,0.5,0.0,0.5,0.5,0.0,0.5,0.0,0.0,11,12.0,15,5,nan,nan,nan,nan,nan,nan,2.37,3.42,3.28,2.39,3.35,3.28
Hamburg,Hoffenheim,1,5,8,nan,nan,nan,0.5,0.0,0.5,0.5,0.0,0.5,0.0,0.0,12,11.0,10,8,nan,nan,nan,nan,nan,nan,2.09,3.6,3.77,2.34,3.49,3.28
M'gladbach,Hannover,3,0,8,nan,nan,nan,0.5,0.0,0.5,0.5,0.0,0.5,0.0,0.0,13,10.0,16,4,nan,nan,nan,nan,nan,nan,1.85,3.77,4.7,1.8,3.89,4.83
Stuttgart,Leverkusen,0,1,8,nan,nan,nan,0.5,0.0,0.5,0.5,0.0,0.5,0.0,0.0,14,12.0,17,6,nan,nan,nan,nan,nan,nan,3.54,3.7,2.14,3.73,3.69,2.08
Werder Bremen,Augsburg,1,0,8,nan,nan,nan,0.5,0.0,0.5,0.5,0.0,0.5,0.0,0.0,15,9.0,8,13,nan,nan,nan,nan,nan,nan,1.97,3.68,4.16,2.14,3.48,3.74
Wolfsburg,Schalke 04,4,0,8,nan,nan,nan,0.5,0.0,0.5,0.5,0.0,0.5,0.0,0.0,16,13.0,18,10,nan,nan,nan,nan,nan,nan,2.99,3.55,2.48,2.52,3.6,2.87
Dortmund,Braunschweig,2,1,8,nan,nan,nan,0.5,0.0,0.5,0.5,0.0,0.5,0.0,0.0,17,10.0,10,15,nan,nan,nan,nan,nan,nan,1.15,9.42,21.1,1.14,9.34,22.31
Nurnberg,Hertha,2,2,8,nan,nan,nan,0.5,0.0,0.5,0.5,0.0,0.5,0.0,0.0,18,12.0,13,8,nan,nan,nan,nan,nan,nan,2.42,3.45,3.15,2.79,3.46,2.68
Dortmund,Werder Bremen,1,0,8,0.0,0.5134,0.4866,0.5,0.0,0.5,0.5,0.0,0.5,1.0,1.0,9,5.0,5,4,4.0,3.0,0.08333333333333333,0.08333333333333333,0.125,0.0,1.24,7.08,14.25,1.24,6.8,13.5
Bayern Munich,Nurnberg,2,0,8,0.6744,0.1451,0.1408,0.53125,0.25,0.21875,0.5,0.0,0.5,1.0,0.3333333333333333,2,9.0,2,11,2.888888888888889,2.4,0.11538461538461539,0.16666666666666666,0.09090909090909091,0.08695652173913043,1.11,12.17,28.71,1.1,13.55,30.1
Hannover,Schalke 04,2,1,8,0.9588,0.0164,0.0,0.23500000000000004,0.7,0.06500000000000002,0.5,0.0,0.5,1.0,0.0,3,13.0,8,12,2.5,3.0,0.1,0.0,0.0,0.2,2.76,3.71,2.58,2.85,3.61,2.54
Hertha,Hamburg,1,0,8,0.1914,0.0067,0.0039,0.41874999999999996,0.55,0.03125,0.5,0.0,0.5,1.0,0.3333333333333333,4,8.0,7,13,1.7777777777777777,2.6666666666666665,0.375,0.1875,0.1,0.15789473684210525,1.91,3.77,4.31,1.88,3.99,4.18
Hoffenheim,Freiburg,3,3,8,0.6744,0.1451,0.1408,0.52,0.6,-0.12000000000000005,0.5,0.0,0.5,0.3333333333333333,0.0,10,15.0,8,17,2.875,2.6666666666666665,0.08695652173913043,0.125,0.16666666666666666,0.16666666666666666,1.8,3.92,4.76,1.93,3.76,4.26
Leverkusen,M'gladbach,4,2,8,0.8528,0.0392,0.0167,0.52,0.19999999999999996,0.28,0.5,0.0,0.5,1.0,0.0,5,16.0,5,9,3.0,2.75,0.16666666666666666,0.09090909090909091,0.125,0.11538461538461539,1.68,4.03,5.68,1.72,4.01,5.29
Mainz,Wolfsburg,2,0,8,0.9496,0.0459,0.0,0.52,0.19999999999999996,0.28,0.5,0.0,0.5,1.0,0.0,6,18.0,6,10,1.2857142857142858,3.75,0.3333333333333333,0.0,0.13333333333333333,0.1,2.77,3.51,2.67,2.63,3.5,2.81
Augsburg,Stuttgart,2,1,8,0.0,0.0023,0.8386,0.0,1.0,0.0,0.5,0.0,0.5,0.0,0.0,13,17.0,15,18,2.75,1.5,0.0,0.13333333333333333,0.3076923076923077,0.3333333333333333,2.39,3.39,3.26,2.29,3.53,3.33
Braunschweig,Ein Frankfurt,0,2,8,0.0,0.4688,0.5312,0.0,1.0,0.0,0.5,0.0,0.5,0.0,0.0,14,15.0,16,17,4.333333333333333,2.5,0.0,0.1,0.08333333333333333,0.375,2.99,3.38,2.57,3.15,3.66,2.33
Freiburg,Bayern Munich,1,1,8,0.0,0.2231,0.7768,0.03396250000000001,0.395,0.5710375,0.5,0.0,0.5,0.0,1.0,16,1.0,15,1,3.0,2.142857142857143,0.1111111111111111,0.06666666666666667,0.16666666666666666,0.0,13.6,6.1,1.28,13.34,6.15,1.28
Hamburg,Braunschweig,4,0,8,0.057,0.0876,0.7984,0.08098750000000002,0.945,-0.02598749999999997,0.5,0.0,0.5,0.0,0.0,17,13.0,16,17,2.0,2.6666666666666665,0.125,0.125,0.2777777777777778,0.08333333333333333,1.78,3.93,4.9,1.74,3.94,5.25
Hannover,Mainz,4,1,8,0.4139,0.3248,0.2612,0.31556249999999997,0.17500000000000004,0.5094375,0.5,0.0,0.5,1.2,1.0,2,4.0,6,3,2.416666666666667,1.5,0.12142857142857143,0.16666666666666666,0.0625,0.1111111111111111,2.62,3.51,2.83,2.86,3.4,2.66
M'gladbach,Werder Bremen,4,1,8,0.5406,0.4594,0.0,0.1342,0.5599999999999999,0.30580000000000007,0.5449999999999999,0.30000000000000004,0.15499999999999997,1.0,0.6,9,6.0,12,7,2.125,5.0,0.17647058823529413,0.041666666666666664,0.0,0.015625,1.78,3.89,4.97,1.72,4.08,5.12
Nurnberg,Augsburg,0,1,8,0.6455,0.3545,0.0,0.11099687500000002,0.6425,0.24650312500000002,0.5,0.0,0.5,0.3333333333333333,0.0,15,12.0,15,11,2.2,5.0,0.18181818181818182,0.0,0.16666666666666666,0.2,2.56,3.37,3.0,2.99,3.48,2.51
Schalke 04,Leverkusen,2,0,8,0.0,0.1033,0.8961,-0.043999999999999984,0.44999999999999996,0.5940000000000001,0.5,0.0,0.5,0.3333333333333333,1.0,13,4.0,16,3,2.375,4.333333333333333,0.15789473684210525,0.07692307692307693,0.1875,0.0,3.39,3.68,2.21,3.59,3.86,2.07
Wolfsburg,Hertha,2,0,8,0.9581,0.0158,0.0,0.11271562500000004,0.4225,0.46478437499999997,0.5,0.0,0.5,1.0,0.3333333333333333,12,9.0,14,6,2.5,2.4,0.2,0.16666666666666666,0.0,0.18181818181818182,1.95,3.77,4.12,1.79,3.91,4.86
Ein Frankfurt,Dortmund,1,2,9,0.0,0.0334,0.9583,0.18081249999999996,0.28500000000000003,0.5341875,0.5,0.0,0.5,0.0,1.0,17,8.0,14,5,3.0,1.4444444444444444,0.0,0.3076923076923077,0.06666666666666667,0.0,6.62,4.58,1.54,7.37,5.24,1.44
Stuttgart,Hoffenheim,6,2,9,0.0,0.0143,0.956,-0.11054999999999998,0.6699999999999999,0.44055000000000005,0.5,0.0,0.5,0.0,1.0,18,4.0,18,11,5.666666666666667,2.5714285714285716,0.0,0.2777777777777778,0.07692307692307693,0.125,2.44,3.6,3.02,2.57,3.58,2.84
Hertha,Stuttgart,0,1,9,0.8784,0.0506,0.0204,0.26375,0.55,0.18624999999999997,0.625,0.5,-0.125,1.2,0.0,3,17.0,6,15,2.488888888888889,3.0,0.21875,0.12222222222222222,0.05,0.22549019607843135,2.29,3.67,3.21,2.36,3.64,3.13
Augsburg,Freiburg,2,1,9,0.0757,0.0916,0.7225,0.3915624999999999,0.4750000000000001,0.13343749999999996,0.34124999999999994,0.55,0.10874999999999999,0.6,0.2,10,11.0,7,16,3.075,2.25,0.058823529411764705,0.19886363636363635,0.2094017094017094,0.19871794871794873,2.04,3.44,4.18,2.0,3.4,4.38
Bayern Munich,Hannover,2,0,9,0.961,0.0272,0.0,0.4,0.19999999999999996,0.4,0.5,0.0,0.5,1.2,0.0,2,15.0,2,4,2.888888888888889,4.0,0.09615384615384616,0.0,0.045454545454545456,0.17647058823529413,1.14,10.1,22.45,1.11,12.1,26.7
Dortmund,Hamburg,6,2,9,0.5718,0.269,0.1589,0.5378125,0.275,0.18718749999999998,0.58,0.4,0.020000000000000018,1.2,0.2,9,12.0,2,14,4.0,2.4047619047619047,0.057291666666666664,0.09375,0.0625,0.11019736842105263,1.28,6.56,11.85,1.23,7.3,13.99
Leverkusen,Wolfsburg,3,1,9,0.9576,0.0346,0.0,0.30000000000000004,0.3999999999999999,0.30000000000000004,0.625,0.5,-0.125,1.2,0.0,6,18.0,5,11,2.3636363636363638,3.208333333333333,0.18859649122807015,0.0,0.1625,0.13333333333333333,1.77,3.98,4.92,1.88,3.97,4.19
Mainz,Schalke 04,0,1,9,0.9045,0.0565,0.0172,0.31781250000000005,0.475,0.20718749999999997,0.625,0.5,-0.125,1.2,0.0,7,16.0,6,13,2.142857142857143,3.5,0.25,0.0625,0.06666666666666667,0.17142857142857143,2.74,3.54,2.68,2.78,3.68,2.58
Werder Bremen,Ein Frankfurt,0,3,9,0.7634,0.2366,0.0,0.15000000000000005,0.7,0.15,0.52,0.19999999999999996,0.28,1.0,0.6,13,8.0,11,15,2.5,3.75,0.2,0.1,0.0,0.1875,2.51,3.49,2.99,2.66,3.53,2.77
Braunschweig,Nurnberg,1,1,9,0.0,0.2961,0.7039,-0.03468750000000004,0.925,0.1096875,-0.04500000000000001,0.9,0.145,0.0,0.2,17,14.0,18,17,3.2916666666666665,3.7,0.0,0.08333333333333333,0.09166666666666667,0.08193979933110368,2.87,3.33,2.69,2.68,3.47,2.79
Hoffenheim,M'gladbach,2,1,9,0.3954,0.1144,0.1898,0.175,0.5,0.325,0.34375,0.75,-0.09375,0.4,0.0,14,17.0,14,10,2.7375,3.041666666666667,0.1588628762541806,0.14545454545454545,0.21969696969696967,0.16295546558704455,2.73,3.6,2.66,2.62,3.64,2.76
M'gladbach,Braunschweig,4,1,9,0.898,0.0119,0.0018,0.24531250000000002,0.725,0.029687500000000006,0.625,0.5,-0.125,1.2,0.0,8,15.0,11,18,2.3125,3.033333333333333,0.18823529411764706,0.0625,0.05,0.11858974358974358,1.39,5.04,9.75,1.41,5.2,8.43
Hamburg,Werder Bremen,0,2,9,0.5111,0.2178,0.2636,0.1590625,0.725,0.11593750000000001,0.35605,0.5900000000000001,0.05394999999999994,0.6,0.42857142857142855,12,10.0,15,13,2.0,5.0,0.13942307692307693,0.061111111111111116,0.1388888888888889,0.07708333333333334,1.99,3.81,3.85,2.05,3.78,3.72
Hannover,Augsburg,2,1,9,0.3848,0.4771,0.1381,0.2575,0.35,0.3925,0.5149874999999999,0.20500000000000007,0.28001249999999994,1.2857142857142858,0.6,2,5.0,5,4,2.6777777777777785,4.214285714285714,0.16428571428571428,0.020833333333333332,0.0673076923076923,0.1,2.65,3.43,2.85,2.55,3.6,2.85
Mainz,Leverkusen,1,4,9,0.4161,0.4068,0.1772,0.195,0.4,0.40499999999999997,0.29468750000000005,0.5249999999999999,0.18031250000000004,0.8571428571428571,0.6,8,7.0,6,4,1.4285714285714286,7.666666666666666,0.16666666666666666,0.038461538461538464,0.07777777777777778,0.08333333333333333,3.65,3.62,2.13,3.23,3.63,2.31
Nurnberg,Dortmund,1,1,9,0.0078,0.0409,0.9319,0.07179687499999998,0.36250000000000004,0.565703125,0.020000000000000018,0.4,0.58,0.2,1.2,17,4.0,16,2,4.6,1.7222222222222223,0.09090909090909091,0.21634615384615385,0.10416666666666666,0.029411764705882353,9.7,5.55,1.36,7.2,5.0,1.47
Schalke 04,Bayern Munich,0,4,9,0.1786,0.3023,0.5189,0.281953125,0.26249999999999996,0.455546875,0.40625,0.25,0.34375,0.8,0.8,11,5.0,11,3,3.1875,2.133928571428571,0.16228070175438597,0.06274509803921569,0.09375,0.0625,6.51,4.65,1.53,7.12,4.86,1.48
Wolfsburg,Hoffenheim,2,1,9,0.9264,0.0069,0.0,0.175,0.5,0.325,0.5449999999999999,0.30000000000000004,0.15499999999999997,1.2,0.6,9,7.0,14,9,2.75,3.2857142857142856,0.15555555555555556,0.2222222222222222,0.0,0.2932692307692308,1.7,4.15,5.19,1.73,3.93,5.33
Freiburg,Hertha,1,1,9,0.3214,0.2954,0.3828,0.08625000000000002,0.7,0.21375000000000002,0.16874999999999998,0.75,0.08125000000000002,0.2,0.2,17,12.0,17,11,2.833333333333333,2.2,0.11805555555555555,0.08333333333333333,0.11274509803921567,0.14646464646464646,2.61,3.5,2.85,2.71,3.49,2.74
Stuttgart,Ein Frankfurt,1,1,9,0.4864,0.1629,0.262,0.2809375,0.475,0.2440625,0.2866125,0.31499999999999995,0.39838750000000006,0.6,0.8571428571428571,13,4.0,14,13,3.761904761904762,3.277777777777778,0.23076923076923078,0.13809523809523808,0.12179487179487179,0.125,2.24,3.67,3.32,2.13,3.75,3.53
Augsburg,M'gladbach,2,2,9,0.3918,0.203,0.3812,0.3,0.3999999999999999,0.3000000000000001,0.5033875,0.615,-0.11838749999999998,0.8571428571428571,0.0,7,17.0,5,7,2.827777777777778,3.805555555555556,0.0868347338935574,0.1178030303030303,0.20626780626780628,0.17530364372469634,2.5,3.43,3.04,2.42,3.41,3.19
Bayern Munich,Wolfsburg,1,0,9,0.9217,0.0699,0.0055,0.46874999999999994,0.25,0.28125000000000006,0.6199874999999999,0.505,-0.12498749999999997,1.2857142857142858,0.0,2,18.0,1,9,2.675925925925926,3.0722222222222215,0.10113960113960115,0.023809523809523808,0.030303030303030304,0.1603174603174603,1.18,8.45,18.5,1.14,9.66,25.38
Dortmund,Freiburg,5,0,9,0.7607,0.0834,0.0611,0.479140625,0.4125000000000001,0.10835937499999992,0.582140625,0.4225,-0.004640624999999954,1.2857142857142858,0.14285714285714285,6,13.0,2,17,3.4285714285714284,3.1666666666666665,0.10069444444444443,0.19924242424242422,0.20833333333333334,0.18009768009768012,1.22,7.2,15.4,1.18,8.24,19.0
Ein Frankfurt,Hamburg,2,2,9,0.1651,0.219,0.6138,0.3296875,0.625,0.04531249999999998,-0.02598749999999997,0.945,0.08098750000000002,0.0,0.14285714285714285,18,14.0,13,15,3.625,2.2698412698412698,0.029411764705882353,0.22916666666666666,0.09583333333333333,0.13596491228070176,1.84,3.95,4.47,1.79,4.09,4.6
Hertha,Mainz,3,1,9,0.8068,0.115,0.0633,0.1925,0.7,0.10750000000000004,0.29468750000000005,0.5249999999999999,0.18031250000000004,0.8571428571428571,0.6,8,8.0,10,7,2.450925925925926,4.0,0.14583333333333334,0.12179487179487179,0.075,0.18055555555555555,2.09,3.58,3.81,2.08,3.54,3.87
Hoffenheim,Schalke 04,3,3,9,0.6745,0.1766,0.1406,0.208984375,0.5625,0.228515625,0.386546875,0.4225,0.190953125,0.7142857142857143,0.42857142857142855,10,9.0,11,13,2.658333333333333,3.0,0.17257525083612038,0.075,0.16729797979797978,0.11428571428571428,2.92,3.58,2.51,2.38,3.69,3.04
Leverkusen,Hannover,2,0,9,0.9552,0.0138,0.0,0.4103125,0.275,0.31468749999999995,0.6199874999999999,0.505,-0.12498749999999997,1.2857142857142858,0.0,5,17.0,3,4,2.2424242424242427,5.25,0.1971595655806182,0.0,0.13214285714285715,0.1437908496732026,1.36,5.45,9.81,1.38,5.33,9.27
Braunschweig,Stuttgart,0,4,9,0.0727,0.2723,0.6549,-0.013203124999999954,0.6375,0.375703125,0.07315000000000003,0.6699999999999999,0.25685,0.14285714285714285,0.42857142857142855,17,10.0,18,14,3.2896825396825395,2.533333333333333,0.014492753623188406,0.12314814814814816,0.09814814814814815,0.1503267973856209,3.92,3.61,2.05,3.6,3.71,2.12
Werder Bremen,Nurnberg,3,3,9,0.1319,0.3197,0.5483,0.21195312500000005,0.6375,0.150546875,0.2111125,0.635,0.15388749999999998,0.6,0.2857142857142857,14,13.0,11,16,2.75,3.966666666666667,0.1,0.0925925925925926,0.10714285714285714,0.06911928651059086,2.09,3.49,3.92,1.83,3.68,4.91
Hannover,Hertha,1,1,10,0.732,0.1809,0.0854,0.24695312499999997,0.48750000000000004,0.26554687499999996,0.5561125,0.33499999999999996,0.10888750000000005,1.3333333333333333,0.2857142857142857,2,12.0,4,5,2.4770833333333337,2.1333333333333333,0.15654761904761905,0.09722222222222221,0.07131410256410256,0.1393097643097643,2.44,3.49,3.09,2.36,3.49,3.22
Leverkusen,Bayern Munich,1,1,10,0.1256,0.2623,0.6118,0.4228906250000001,0.11249999999999993,0.464609375,0.503828125,0.08750000000000002,0.40867187499999996,1.3333333333333333,1.0,3,1.0,3,1,2.2755681818181817,2.3559523809523806,0.17418546365914786,0.13706816059757235,0.09910714285714287,0.041666666666666664,5.81,4.18,1.65,5.37,4.34,1.66
Mainz,Hoffenheim,2,2,10,0.2117,0.1452,0.5197,-0.006250000000000033,0.75,0.25625000000000003,0.16480000000000003,0.74,0.09519999999999998,0.6666666666666666,0.42857142857142855,10,10.0,11,10,2.821428571428571,3.357142857142857,0.14285714285714285,0.19576719576719573,0.13525641025641028,0.23995726495726497,2.33,3.6,3.19,2.33,3.55,3.24
M'gladbach,Dortmund,2,0,10,0.3819,0.2779,0.3394,0.251640625,0.2875,0.460859375,0.5016,0.12,0.3784,1.2857142857142858,1.0,6,3.0,9,3,2.160714285714286,2.1481481481481484,0.22805429864253393,0.16274928774928776,0.061111111111111116,0.052941176470588235,5.16,4.15,1.71,5.44,4.09,1.69
Schalke 04,Augsburg,4,1,10,0.2678,0.305,0.427,0.23875000000000002,0.44999999999999996,0.31125,0.2369125,0.615,0.1480875,0.5714285714285714,0.42857142857142855,11,9.0,13,7,5.458333333333333,4.809523809523809,0.10818713450292398,0.041666666666666664,0.15773809523809523,0.11111111111111112,1.76,3.87,5.18,1.85,3.81,4.62
Stuttgart,Werder Bremen,1,1,10,0.484,0.2632,0.2518,0.4261718749999999,0.4125000000000001,0.161328125,0.2809375,0.475,0.2440625,0.5714285714285714,0.6666666666666666,12,6.0,11,12,3.6746031746031744,4.416666666666667,0.17765567765567766,0.07708333333333334,0.10202991452991454,0.0578125,1.78,4.01,4.78,1.74,4.05,5.02
Wolfsburg,Braunschweig,0,2,10,0.9323,0.0181,0.0024,0.25625000000000003,0.75,-0.006250000000000033,0.6199874999999999,0.505,-0.12498749999999997,1.2857142857142858,0.0,7,16.0,13,18,2.6666666666666665,3.3555555555555556,0.14814814814814814,0.06944444444444443,0.047619047619047616,0.18162393162393164,1.28,6.31,12.51,1.34,5.7,10.0
Freiburg,Ein Frankfurt,1,1,10,0.1913,0.2354,0.5717,0.07726562500000003,0.5874999999999999,0.3352343750000001,0.156471875,0.4575,0.38602812499999994,0.2857142857142857,0.7777777777777778,15,2.0,18,14,3.222222222222222,3.4583333333333335,0.12037037037037036,0.11919642857142856,0.11683006535947711,0.11160714285714285,2.9,3.45,2.59,3.41,3.61,2.23
Nurnberg,Hamburg,0,5,10,0.3391,0.2298,0.4246,0.19992187500000003,0.6625,0.137578125,0.17920000000000003,0.71,0.11080000000000001,0.2857142857142857,0.2222222222222222,16,14.0,16,15,4.177777777777778,2.619047619047619,0.09393939393939395,0.21732954545454547,0.08796296296296295,0.15752923976608185,2.55,3.54,2.9,2.39,3.6,3.09
Hoffenheim,Leverkusen,1,2,10,0.1612,0.166,0.6513,0.17898437500000003,0.4125,0.408515625,0.3241375,0.345,0.3308625,0.6666666666666666,0.8571428571428571,11,5.0,11,2,2.49375,5.977777777777778,0.1919314381270903,0.12820512820512822,0.18797348484848483,0.07936507936507936,3.62,3.67,2.12,3.4,3.64,2.22
Bayern Munich,Mainz,4,1,10,0.8928,0.0856,0.0175,0.48531250000000004,0.5249999999999999,-0.010312499999999947,0.57605,0.39,0.03394999999999998,1.3333333333333333,0.42857142857142855,3,13.0,2,12,2.6944444444444446,3.1333333333333333,0.0985819735819736,0.1288156288156288,0.022727272727272728,0.23148148148148148,1.11,12.14,28.73,1.14,9.5,25.0
Braunschweig,Schalke 04,2,3,10,0.0544,0.1993,0.7459,0.15187499999999998,0.475,0.37312500000000004,0.015937499999999993,0.675,0.30906249999999996,0.1111111111111111,0.4444444444444444,17,9.0,17,7,3.7172619047619047,2.85,0.010869565217391304,0.11875,0.14027777777777778,0.14821428571428572,5.15,4.01,1.74,4.59,4.0,1.81
Dortmund,Hannover,1,0,10,0.955,0.0137,0.0,0.3178125,0.475,0.20718750000000002,0.625,0.5,-0.125,1.3333333333333333,0.0,5,17.0,3,5,3.0906593406593403,4.833333333333333,0.12181712962962962,0.0,0.15625,0.13094828574704734,1.22,7.42,15.13,1.22,7.58,15.18
Ein Frankfurt,Nurnberg,1,1,10,0.2206,0.2319,0.5448,0.295546875,0.5875,0.11695312499999998,0.07895000000000002,0.69,0.23105000000000003,0.14285714285714285,0.3333333333333333,18,14.0,13,16,3.016666666666667,3.50625,0.09368191721132897,0.11356209150326799,0.12449494949494949,0.10183946488294315,1.58,4.25,6.48,1.56,4.45,6.49
Hertha,M'gladbach,1,0,10,0.8368,0.0825,0.0442,0.228203125,0.38749999999999996,0.38429687500000004,0.41875,0.5499999999999999,0.031250000000000056,1.0,0.1111111111111111,6,16.0,7,6,2.4006944444444445,3.5208333333333335,0.19270833333333331,0.15085227272727272,0.09196428571428572,0.15647773279352226,2.46,3.51,3.04,2.36,3.55,3.2
Werder Bremen,Freiburg,0,0,10,0.4781,0.1986,0.3,0.264296875,0.6125,0.123203125,0.28205,0.73,-0.012049999999999977,0.5714285714285714,0.1111111111111111,13,15.0,9,18,2.5476190476190474,2.625,0.13333333333333333,0.14943181818181817,0.13025210084033614,0.18136955636955637,2.09,3.66,3.74,1.99,3.54,4.25
Augsburg,Wolfsburg,1,2,10,0.6838,0.2348,0.0812,0.199921875,0.6625,0.13757812500000002,0.46374999999999994,0.65,-0.11374999999999996,0.7777777777777778,0.0,8,18.0,10,14,3.1208333333333336,2.8041666666666663,0.09012605042016805,0.017857142857142856,0.2172008547008547,0.14296536796536796,2.42,3.44,3.16,2.33,3.5,3.27
Hamburg,Stuttgart,3,3,10,0.0798,0.1095,0.7677,0.242109375,0.36250000000000004,0.395390625,0.12013750000000004,0.485,0.3948625,0.42857142857142855,0.6666666666666666,15,7.0,15,10,2.238095238095238,2.36875,0.09294871794871795,0.15902777777777777,0.13425925925925927,0.11274509803921567,2.42,3.66,3.0,2.22,3.63,3.38
Stuttgart,Nurnberg,1,1,10,0.5225,0.222,0.25,0.358515625,0.48750000000000004,0.15398437499999995,0.291015625,0.5125,0.19648437500000002,0.5555555555555556,0.36363636363636365,12,10.0,8,16,3.5892857142857144,3.3049999999999997,0.14574175824175825,0.11084967320261438,0.11223672161172162,0.09480490523968785,1.66,4.14,5.65,1.74,3.88,5.32
Bayern Munich,Hertha,3,2,10,0.7737,0.1786,0.0473,0.446796875,0.21250000000000002,0.340703125,0.5449999999999999,0.30000000000000004,0.15499999999999997,1.3636363636363635,0.3333333333333333,1,13.0,1,4,2.7555555555555555,2.85,0.12331002331002332,0.09791666666666665,0.033566433566433566,0.12233946608946608,1.11,12.0,29.0,1.12,11.0,25.98
Hannover,Hoffenheim,1,4,10,0.6801,0.1372,0.1328,0.12875000000000003,0.7,0.17125,0.48343749999999996,0.42500000000000004,0.09156249999999999,1.1818181818181819,0.4444444444444444,3,10.0,6,12,2.541666666666667,3.2178571428571425,0.13952380952380952,0.1825396825396825,0.07705128205128205,0.20937971342383108,2.38,3.61,3.1,2.16,3.67,3.52
Leverkusen,Augsburg,2,1,10,0.7887,0.1437,0.0639,0.515546875,0.4625,0.02195312499999999,0.5021875,0.475,0.02281250000000004,1.1818181818181819,0.3333333333333333,4,11.0,2,12,2.1537878787878784,4.440476190476191,0.1793483709273183,0.05625,0.0866931216931217,0.16025641025641027,1.53,4.55,6.75,1.7,4.13,5.26
Mainz,Braunschweig,2,0,10,0.5588,0.2056,0.2265,0.028046875000000013,0.7875,0.184453125,0.2,0.6,0.2,0.6363636363636364,0.3333333333333333,9,12.0,13,18,2.682142857142857,3.1,0.13781512605042018,0.12351190476190475,0.13677655677655678,0.13621794871794873,1.62,4.2,6.1,1.66,4.16,5.67
Schalke 04,Dortmund,1,3,10,0.1612,0.1738,0.6502,0.380390625,0.2875,0.33210937500000004,0.34750000000000003,0.44999999999999996,0.20250000000000004,0.7777777777777778,0.7777777777777778,10,8.0,5,3,4.635416666666667,2.454861111111111,0.1580634278002699,0.12206196581196582,0.14330357142857142,0.1230392156862745,4.58,3.9,1.83,4.81,4.08,1.76
Wolfsburg,Werder Bremen,3,0,10,0.5488,0.2938,0.1572,0.215390625,0.5125,0.27210937500000004,0.31125,0.44999999999999996,0.23875,1.0,0.6363636363636364,8,8.0,12,11,3.416666666666667,4.233333333333333,0.1111111111111111,0.09023809523809524,0.10714285714285714,0.05625,1.68,3.94,5.87,1.68,4.06,5.66
Freiburg,Hamburg,0,3,10,0.2209,0.2051,0.5653,0.1534375,0.575,0.27156250000000004,0.22164062500000004,0.5375,0.240859375,0.3333333333333333,0.45454545454545453,15,9.0,17,15,3.2291666666666665,2.3413919413919415,0.10950854700854701,0.2363636363636364,0.11034982174688057,0.12602339181286548,2.71,3.54,2.71,2.8,3.63,2.58
M'gladbach,Ein Frankfurt,4,1,10,0.8225,0.1177,0.0523,0.2440625,0.475,0.2809375,0.517578125,0.1875,0.294921875,1.3333333333333333,0.7272727272727273,6,4.0,10,15,2.1205357142857144,3.206666666666667,0.25437405731523377,0.11353896103896104,0.04583333333333334,0.10467032967032966,2.09,3.69,3.7,2.33,3.54,3.25
Dortmund,Stuttgart,6,1,11,0.7147,0.1601,0.1155,0.389765625,0.3374999999999999,0.2727343750000001,0.52,0.19999999999999996,0.28,1.3636363636363635,0.6363636363636364,4,8.0,3,11,2.9225274725274724,2.495,0.10856481481481481,0.19388888888888886,0.125,0.12019607843137255,1.26,6.75,13.1,1.25,6.74,13.8
Braunschweig,Leverkusen,1,0,11,0.0254,0.0974,0.873,0.021249999999999936,0.45000000000000007,0.52875,-0.04625000000000007,0.55,0.49625,0.09090909090909091,1.0,18,2.0,18,3,3.673809523809524,5.233333333333333,0.037267080745341616,0.13782051282051283,0.1550793650793651,0.07202380952380952,6.88,4.58,1.52,5.22,4.17,1.7
Ein Frankfurt,Wolfsburg,1,2,11,0.4095,0.3505,0.2399,0.1375,0.5,0.3625,0.18343749999999998,0.675,0.14156249999999998,0.2222222222222222,0.2727272727272727,17,15.0,15,6,3.5125,2.6766666666666663,0.0869281045751634,0.045054945054945054,0.11837121212121213,0.13255411255411256,2.46,3.47,3.07,2.46,3.6,2.98
Hamburg,M'gladbach,0,2,11,0.4446,0.1855,0.3233,0.351953125,0.3125,0.335546875,0.25070312499999997,0.7375,0.01179687499999997,0.4444444444444444,0.09090909090909091,15,17.0,12,5,2.511904761904762,3.4666666666666672,0.10721153846153847,0.12068181818181818,0.1840277777777778,0.1651821862348178,2.29,3.72,3.17,2.43,3.67,2.97
Hertha,Schalke 04,0,2,11,0.7673,0.1473,0.0797,0.27789062500000006,0.4624999999999999,0.25960937500000003,0.412578125,0.2875,0.299921875,1.0909090909090908,0.6363636363636364,6,7.0,6,7,2.4205555555555556,2.746666666666667,0.19416666666666665,0.13785714285714284,0.07357142857142858,0.14714285714285716,2.33,3.59,3.2,2.52,3.5,2.95
Hoffenheim,Bayern Munich,1,2,11,0.0538,0.1204,0.8188,0.20429687500000002,0.3125,0.48320312499999996,0.1984375,0.42500000000000004,0.37656249999999997,0.5454545454545454,0.8888888888888888,11,4.0,9,2,2.495,2.380600649350649,0.16354515050167223,0.11206037970743853,0.1837121212121212,0.08125,11.9,6.4,1.28,9.94,6.21,1.32
Nurnberg,Freiburg,0,3,11,0.2398,0.2499,0.5088,0.220703125,0.6625,0.11679687500000001,0.09507812500000003,0.7875,0.117421875,0.2222222222222222,0.18181818181818182,18,17.0,17,18,4.008333333333333,3.2,0.07045454545454546,0.11954545454545454,0.1440972222222222,0.1450956450956451,2.05,3.6,3.93,2.06,3.48,4.05
Augsburg,Mainz,2,1,11,0.4896,0.1982,0.2898,-0.024453124999999992,0.7625,0.261953125,0.30429687499999997,0.7125,-0.01679687499999999,0.6363636363636364,0.3333333333333333,9,17.0,14,10,2.771666666666667,3.1625,0.09028265851795263,0.11584249084249083,0.2045299145299145,0.22916666666666666,2.03,3.56,4.06,2.02,3.47,4.2
Werder Bremen,Hannover,3,2,11,0.6637,0.3363,0.0,0.23500000000000004,0.7,0.06500000000000002,0.31218749999999995,0.775,-0.0871875,0.5555555555555556,0.0,13,18.0,14,9,3.0357142857142856,4.125,0.1,0.0,0.0976890756302521,0.1121001031991744,2.35,3.54,3.2,2.37,3.6,3.12
Hannover,Braunschweig,0,0,11,0.7641,0.1448,0.0837,-0.031640625000000006,0.7375,0.29414062499999993,0.335234375,0.5875,0.077265625,1.0,0.2727272727272727,5,15.0,10,17,2.7291666666666674,3.6799999999999997,0.1314213564213564,0.0988095238095238,0.13087606837606838,0.15341880341880343,1.67,4.02,5.78,1.64,4.01,6.18
Bayern Munich,Augsburg,3,0,11,0.8303,0.1269,0.0402,0.514609375,0.36250000000000004,0.12289062499999995,0.5903125,0.42500000000000004,-0.015312500000000007,1.3846153846153846,0.2727272727272727,1,15.0,1,10,2.72962962962963,5.752380952380952,0.14121989121989123,0.06318181818181819,0.061305361305361315,0.14487179487179488,1.12,10.87,26.38,1.15,9.08,24.0
Hoffenheim,Hertha,2,3,11,0.4125,0.2115,0.3601,0.1875,0.625,0.1875,0.15445312500000005,0.7124999999999999,0.13304687500000004,0.46153846153846156,0.2727272727272727,12,16.0,11,7,2.4680555555555554,2.68,0.160097149227584,0.11833333333333332,0.17270127748068922,0.14402541902541902,2.25,3.6,3.36,2.33,3.5,3.28
Leverkusen,Hamburg,5,3,11,0.5552,0.1747,0.2301,0.320234375,0.4125,0.267265625,0.450859375,0.23750000000000004,0.31164062499999995,1.2307692307692308,0.6153846153846154,3,6.0,3,14,2.3662518037518034,2.355921855921856,0.16334586466165416,0.22638146167557935,0.08739578322911656,0.1050194931773879,1.56,4.55,6.22,1.69,4.35,4.99
M'gladbach,Nurnberg,3,1,11,0.853,0.0944,0.0397,0.432890625,0.48750000000000004,0.07960937499999998,0.5378125,0.275,0.18718749999999998,1.3636363636363635,0.38461538461538464,4,13.0,4,18,2.3464285714285715,2.948611111111111,0.2650377073906486,0.11618425147836912,0.054848484848484855,0.09567075436640654,1.57,4.39,6.44,1.62,4.13,6.25
Schalke 04,Werder Bremen,3,1,11,0.4539,0.242,0.3008,0.366953125,0.38749999999999996,0.24554687500000005,0.24414062499999997,0.6125,0.14335937499999998,0.6363636363636364,0.5384615384615384,11,9.0,7,8,4.1883333333333335,4.194444444444445,0.1431174089068826,0.0751984126984127,0.17464285714285716,0.07319078947368421,1.62,4.37,5.82,1.55,4.47,6.66
Wolfsburg,Dortmund,2,1,11,0.4431,0.2975,0.2591,0.37,0.19999999999999996,0.43000000000000005,0.3825,0.30000000000000004,0.31749999999999995,1.0909090909090908,0.9090909090909091,7,3.0,7,3,3.0500000000000003,2.213888888888889,0.12046783625730995,0.15764957264957266,0.08571428571428572,0.11509803921568626,5.21,3.89,1.75,5.3,4.24,1.68
Freiburg,Stuttgart,1,3,11,0.1518,0.1888,0.6533,0.24804687499999997,0.5625,0.18945312500000003,0.12320312499999998,0.6125,0.264296875,0.2727272727272727,0.5384615384615384,16,8.0,17,13,3.483333333333333,2.5791666666666666,0.0876068376068376,0.2171296296296296,0.12357397504456329,0.15898692810457515,3.06,3.57,2.42,3.41,3.61,2.22
Mainz,Ein Frankfurt,1,0,11,0.4194,0.2275,0.3457,0.180625,0.725,0.09437500000000001,0.26875000000000004,0.5,0.23124999999999998,0.7692307692307693,0.6153846153846154,9,6.0,13,15,2.7351190476190474,3.130555555555556,0.15188297541238718,0.10976731601731603,0.11398046398046398,0.138507326007326,2.52,3.52,2.95,2.75,3.5,2.69
Stuttgart,M'gladbach,0,2,11,0.5553,0.2214,0.2191,0.23710937499999998,0.3125,0.45039062500000004,0.279296875,0.5375,0.18320312500000002,0.5454545454545454,0.3076923076923077,13,15.0,9,4,3.3714285714285714,3.2222222222222228,0.1365934065934066,0.1422348484848485,0.11836080586080586,0.13765182186234817,2.3,3.59,3.26,2.24,3.58,3.39
Augsburg,Hoffenheim,2,0,11,0.1593,0.1331,0.6003,0.125,0.75,0.125,0.3378906249999999,0.4125000000000001,0.249609375,0.7692307692307693,0.6363636363636364,9,8.0,12,13,2.762103174603175,2.974285714285714,0.09277940841408333,0.22603174603174603,0.18559311059311057,0.18568558892088305,2.2,3.58,3.49,2.24,3.56,3.38
Braunschweig,Freiburg,0,1,11,0.1671,0.2364,0.5954,0.267578125,0.5625,0.169921875,0.17312500000000003,0.575,0.251875,0.3076923076923077,0.38461538461538464,14,13.0,16,17,3.4662698412698414,2.9583333333333335,0.04085982218974546,0.13533549783549784,0.12923280423280423,0.12091303757970424,2.43,3.45,3.14,2.26,3.47,3.47
Dortmund,Bayern Munich,0,3,11,0.4222,0.3071,0.2704,0.28031249999999996,0.2250000000000001,0.49468749999999995,0.505,0.09999999999999998,0.395,1.3846153846153846,1.0,4,1.0,3,1,2.7187728937728934,2.390194805194805,0.14929420842411037,0.1131777155306567,0.1597222222222222,0.09357142857142857,3.67,3.68,2.1,3.46,3.62,2.21
Ein Frankfurt,Schalke 04,3,3,11,0.1957,0.2242,0.5774,-0.028203124999999996,0.5375,0.490703125,0.042421875000000026,0.48749999999999993,0.470078125,0.18181818181818182,0.7692307692307693,17,2.0,16,6,3.21,2.6555555555555554,0.0895424836601307,0.1451839826839827,0.1346969696969697,0.12261904761904763,2.69,3.55,2.69,3.03,3.67,2.4
Hertha,Leverkusen,0,1,11,0.3825,0.3272,0.2902,0.23,0.4,0.37,0.275,0.44999999999999996,0.275,0.9230769230769231,0.8181818181818182,9,5.0,7,2,2.350462962962963,4.586666666666667,0.16180555555555554,0.11025641025641027,0.09161255411255413,0.06938375350140055,3.02,3.49,2.48,2.6,3.51,2.85
Nurnberg,Wolfsburg,1,1,11,0.1423,0.2751,0.5825,0.0036718750000000466,0.4625,0.5338281249999999,0.010000000000000037,0.6499999999999999,0.3400000000000001,0.18181818181818182,0.46153846153846156,18,13.0,18,6,3.54,2.786111111111111,0.05636363636363637,0.07087912087912089,0.15813492063492063,0.12712842712842712,3.64,3.35,2.23,3.39,3.54,2.25
Hamburg,Hannover,3,1,11,0.6732,0.2053,0.1199,0.21867187499999996,0.7125,0.068828125,0.19679687499999998,0.8625,-0.05929687500000003,0.36363636363636365,0.0,15,18.0,14,12,2.4345238095238093,3.9,0.08576923076923078,0.02222222222222222,0.19722222222222224,0.13968008255933953,2.12,3.68,3.61,2.04,3.65,3.87
Werder Bremen,Mainz,2,3,11,0.5541,0.2051,0.2311,0.163984375,0.5375,0.29851562500000006,0.39617187500000006,0.6375,-0.03367187499999999,0.7272727272727273,0.2727272727272727,11,17.0,12,9,2.8285714285714283,3.08,0.13,0.11085581085581084,0.10037348272642391,0.2043859649122807,2.5,3.5,2.99,2.76,3.51,2.68
Wolfsburg,Hamburg,1,1,11,0.7003,0.149,0.1273,0.4534375,0.32499999999999996,0.22156250000000005,0.423203125,0.3374999999999999,0.23929687500000005,1.1538461538461537,0.5333333333333333,5,8.0,5,11,2.9583333333333335,2.2812663526949244,0.1337231968810916,0.23300229182582124,0.0853174603174603,0.12573099415204678,1.85,3.94,4.4,1.87,3.86,4.34
Bayern Munich,Braunschweig,2,0,11,0.8895,0.0866,0.0194,0.5569531249999999,0.3375,0.10554687499999998,0.5528125,0.32499999999999996,0.12218750000000003,1.4,0.3076923076923077,1,16.0,1,17,2.7047619047619054,4.3999999999999995,0.13967916141829187,0.08234126984126984,0.05254745254745256,0.12784900284900286,1.07,15.76,39.4,1.07,15.4,41.5
Hertha,Augsburg,0,0,11,0.7035,0.217,0.0792,0.1534375,0.575,0.27156250000000004,0.22343749999999996,0.775,0.0015625000000000083,0.8,0.23076923076923078,9,17.0,8,9,2.871825396825397,4.7936507936507935,0.13869047619047617,0.05265151515151515,0.11423933209647497,0.14246562616127836,2.01,3.52,4.19,2.11,3.39,3.98
Hoffenheim,Werder Bremen,4,4,11,0.4933,0.2243,0.2762,0.05499999999999997,0.8,0.145,0.072734375,0.7875,0.139765625,0.4,0.4666666666666667,13,11.0,14,12,2.2991496598639456,4.023809523809524,0.16897215965538948,0.08032879818594105,0.1869907053730583,0.08794504643962849,1.82,4.03,4.51,1.68,4.16,5.41
Leverkusen,Nurnberg,3,0,11,0.7132,0.1447,0.1189,0.46070312500000005,0.4624999999999999,0.07679687500000004,0.5015624999999999,0.375,0.12343750000000003,1.2666666666666666,0.3333333333333333,2,15.0,2,18,2.4363790970933827,3.432142857142857,0.17572502685284638,0.10710529825965473,0.11387171030028173,0.1177177894569199,1.45,4.87,7.95,1.49,4.73,7.26
Mainz,Dortmund,1,3,11,0.2323,0.2464,0.5197,0.37656249999999997,0.42500000000000004,0.1984375,0.35101562499999994,0.4625,0.18648437500000004,0.8666666666666667,0.7692307692307693,9,5.0,8,3,2.661848072562358,2.844907407407407,0.137328264639189,0.1452635327635328,0.09769754055468341,0.12924836601307188,5.88,4.48,1.6,5.55,4.54,1.61
Schalke 04,Stuttgart,3,0,11,0.3048,0.1629,0.4247,0.38757812500000005,0.4624999999999999,0.14992187500000004,0.2953125000000001,0.375,0.3296874999999999,0.7692307692307693,0.6666666666666666,10,5.0,6,11,3.9625,2.414795918367347,0.14867627212828452,0.22896825396825396,0.1640542328042328,0.14379330679640276,1.77,4.14,4.71,1.83,3.91,3.99
Hannover,Ein Frankfurt,2,0,12,0.5366,0.2372,0.2239,0.04679687499999999,0.8375,0.11570312499999999,0.284453125,0.6125,0.10304687499999998,0.9333333333333333,0.5333333333333333,6,7.0,13,15,2.7916666666666674,3.1833333333333336,0.11264687693259122,0.09408627087198516,0.11217948717948718,0.1258634222919937,2.47,3.53,3.01,2.37,3.55,3.15
M'gladbach,Freiburg,1,0,12,0.8632,0.0814,0.035,0.47406249999999994,0.275,0.25093750000000004,0.5153125000000001,0.17500000000000004,0.30968749999999995,1.3846153846153846,0.5333333333333333,3,8.0,4,16,2.455357142857143,3.107142857142857,0.2625314228255405,0.13385899814471242,0.05447900053163212,0.10363974649688935,1.43,4.84,8.66,1.41,5.05,8.76
Nurnberg,Mainz,1,1,12,0.1425,0.1823,0.6685,0.027734375000000006,0.6375,0.33476562500000007,0.09867187499999996,0.7375,0.163828125,0.23076923076923078,0.46153846153846156,18,14.0,18,8,3.255555555555555,2.9952380952380953,0.06212121212121213,0.12015762015762015,0.13902547734069473,0.18421052631578946,2.54,3.49,2.95,2.49,3.51,3.0
Dortmund,Leverkusen,0,1,12,0.4642,0.2744,0.2607,0.25250000000000006,0.29999999999999993,0.4475,0.3540625,0.32500000000000007,0.32093749999999993,1.2,0.9230769230769231,4,3.0,3,2,2.5803767660910517,4.155555555555556,0.12796646436352319,0.13354700854700854,0.17976190476190476,0.05781979458450046,1.54,4.51,6.68,1.56,4.46,6.23
Ein Frankfurt,Hoffenheim,1,2,12,0.1842,0.156,0.6066,0.037109375,0.8125,0.150390625,0.15835937499999994,0.6625000000000001,0.17914062499999997,0.23076923076923078,0.5384615384615384,17,10.0,15,14,2.9875000000000003,2.923015873015873,0.10795206971677558,0.18835978835978837,0.15070901320901323,0.17557132410073586,2.18,3.71,3.42,2.31,3.7,3.15
Hamburg,Augsburg,0,1,12,0.5705,0.2371,0.191,0.2440625,0.475,0.2809375,0.30906249999999996,0.675,0.015937499999999993,0.5384615384615384,0.26666666666666666,13,16.0,12,9,2.380621693121693,4.108843537414966,0.0977901484480432,0.04512987012987013,0.179503367003367,0.1221133938525243,2.08,3.65,3.77,2.23,3.57,3.45
M'gladbach,Schalke 04,2,1,12,0.8287,0.0971,0.0515,0.506328125,0.11250000000000004,0.38117187499999994,0.506328125,0.11250000000000004,0.381171875,1.4,0.7333333333333333,3,4.0,4,5,2.5331632653061225,2.482539682539682,0.23693169575522516,0.157410446696161,0.04669628616997039,0.1336734693877551,2.32,3.63,3.19,2.48,3.57,2.98
Stuttgart,Hannover,4,2,12,0.7205,0.1959,0.0828,0.09968749999999997,0.675,0.22531249999999997,0.28,0.8,-0.08000000000000004,0.46153846153846156,0.0,14,18.0,13,10,3.5595238095238098,3.7083333333333335,0.11382783882783883,0.03367003367003367,0.11617786453312769,0.14271585827313382,2.02,3.65,3.96,2.04,3.74,3.81
Werder Bremen,Bayern Munich,0,7,12,0.0392,0.1163,0.8404,0.08875000000000002,0.35,0.56125,0.17398437500000002,0.36249999999999993,0.46351562500000004,0.6153846153846154,1.0769230769230769,12,2.0,14,1,2.857142857142857,2.3251623376623374,0.12222222222222223,0.1443147629422139,0.11142234671646435,0.07797619047619048,13.51,6.69,1.26,15.15,7.21,1.23
Braunschweig,Hertha,0,2,12,0.1155,0.2201,0.6636,0.10750000000000004,0.7,0.1925,0.12320312499999998,0.6125,0.264296875,0.26666666666666666,0.46153846153846156,15,15.0,18,9,3.3996598639455784,2.6,0.03502270473406754,0.14406565656565654,0.1286281179138322,0.15705821955821955,3.92,3.43,2.11,3.59,3.45,2.19
Freiburg,Wolfsburg,0,3,12,0.243,0.3193,0.4376,0.16445312500000003,0.4375,0.39804687499999997,0.05742187500000001,0.5875,0.35507812499999997,0.23076923076923078,0.4666666666666667,18,15.0,16,6,3.536111111111111,2.9357142857142855,0.08177762783025941,0.06696471230632721,0.1529783125371361,0.12195423623995053,4.09,3.6,2.01,3.57,3.47,2.21
Hertha,Werder Bremen,3,2,12,0.5937,0.2533,0.1526,0.33999999999999997,0.6000000000000001,0.05999999999999997,0.21195312500000005,0.6375,0.150546875,0.7647058823529411,0.47058823529411764,8,12.0,7,14,3.0753472222222222,3.791666666666666,0.12135416666666665,0.10874923687423688,0.0999594155844156,0.1047296934124527,1.65,4.15,5.73,1.65,4.25,5.58
Augsburg,Braunschweig,4,1,12,0.6519,0.2236,0.1237,0.438125,0.5499999999999999,0.011875000000000052,0.41874999999999996,0.5,0.08125000000000002,0.8666666666666667,0.26666666666666666,8,17.0,8,18,2.824659863945578,4.152380952380953,0.09738235006921428,0.070578231292517,0.15907980907980906,0.12545787545787546,1.53,4.33,7.4,1.53,4.33,7.27
Bayern Munich,Hamburg,3,1,12,0.8089,0.1083,0.0622,0.5569531249999999,0.3375,0.10554687499999998,0.5253125000000001,0.22499999999999998,0.2496875,1.411764705882353,0.5294117647058824,1,9.0,1,13,2.6479166666666667,2.2617330586080584,0.13610815512989427,0.21122994652406418,0.045979020979020985,0.11626461988304093,1.1,13.85,26.77,1.12,11.7,25.0
Hannover,Nurnberg,3,3,12,0.6535,0.2068,0.1376,0.17585937499999998,0.7125,0.111640625,0.35507812499999997,0.5875,0.05742187500000001,1.0,0.29411764705882354,5,16.0,11,17,2.984375,3.403125,0.11779678654678655,0.09371713597719789,0.09815705128205128,0.1250618893042167,1.97,3.71,4.09,2.01,3.63,4.04
Hoffenheim,Dortmund,2,2,12,0.1185,0.1269,0.6952,0.22398437499999999,0.6125,0.16351562499999997,0.04531249999999998,0.625,0.3296875,0.4117647058823529,0.8666666666666667,13,3.0,12,4,2.2930059523809527,2.819444444444444,0.17562841747624355,0.1512973137973138,0.20207840566296448,0.1226890756302521,4.74,4.17,1.76,4.63,4.28,1.75
Mainz,M'gladbach,0,0,12,0.3706,0.2471,0.3792,0.21875,0.25,0.53125,0.25187499999999996,0.42500000000000004,0.323125,0.7647058823529411,0.4666666666666667,9,15.0,9,4,2.5791170634920633,3.008658008658009,0.13057889822595703,0.13695317840054683,0.10892284798534799,0.11798727588201273,2.8,3.47,2.67,2.69,3.56,2.72
Wolfsburg,Stuttgart,3,1,12,0.7154,0.1612,0.1145,0.41898437499999996,0.38750000000000007,0.19351562499999997,0.38007812500000004,0.4375,0.18242187499999996,1.0666666666666667,0.5882352941176471,8,6.0,5,10,3.25,3.237946428571429,0.12176274018379282,0.2003472222222222,0.08153261304521808,0.1570691434468524,1.76,3.98,4.96,1.74,3.89,5.34
Leverkusen,Ein Frankfurt,0,1,12,0.7808,0.1242,0.0779,0.55,0.5,-0.04999999999999999,0.5575000000000001,0.475,-0.03250000000000003,1.2941176470588236,0.47058823529411764,3,10.0,2,15,2.4354031385281383,3.1604166666666664,0.17581822202565237,0.08232548701298702,0.09963774651274651,0.12936126373626372,1.5,4.65,7.19,1.59,4.49,5.91
Schalke 04,Freiburg,2,0,12,0.5675,0.2011,0.221,0.34124999999999994,0.55,0.10875,0.366953125,0.38749999999999996,0.24554687500000005,0.8666666666666667,0.47058823529411764,10,11.0,7,16,3.739285714285714,3.0,0.16315109039567247,0.11712662337662337,0.14061791383219954,0.10110144485144486,1.43,4.98,8.21,1.43,4.63,7.42
Ein Frankfurt,Augsburg,1,1,12,0.4136,0.3166,0.2697,0.14367187499999998,0.4125,0.443828125,0.09601562500000001,0.6625,0.24148437500000003,0.2,0.4117647058823529,17,14.0,15,8,2.8260204081632656,3.928571428571429,0.10351935646053291,0.047301136363636365,0.1551531801531802,0.10684921962095875,2.39,3.45,3.21,2.32,3.36,3.1
Braunschweig,Hoffenheim,1,0,12,0.0552,0.1195,0.8174,-0.056562500000000016,0.725,0.33156250000000004,0.042578124999999994,0.6125,0.34492187499999993,0.23529411764705882,0.6666666666666666,15,6.0,18,12,3.7872023809523805,2.898299319727891,0.030644866642309098,0.18742527313955887,0.12817460317460316,0.1614787173610703,4.17,3.83,1.93,4.03,3.82,1.96
Dortmund,Hertha,1,2,12,0.6378,0.1882,0.1658,0.13000000000000003,0.44999999999999996,0.42000000000000004,0.200390625,0.4375,0.362109375,1.0588235294117647,0.6,6,9.0,4,7,2.5828296703296703,2.60952380952381,0.11197065631808278,0.14134199134199132,0.1751488095238095,0.13462133104990245,1.38,5.43,9.11,1.29,6.37,11.28
Freiburg,Hannover,2,1,12,0.355,0.307,0.3377,0.029687500000000006,0.725,0.24531250000000002,0.091796875,0.9375,-0.029296875,0.2,0.0,18,18.0,17,11,3.9595238095238092,3.6785714285714284,0.07009510956879378,0.04926819212533499,0.15633435192258724,0.16628392247587295,2.59,3.45,2.91,2.63,3.44,2.88
Hamburg,Mainz,2,3,12,0.4134,0.2018,0.36,0.08289062499999997,0.6125,0.30460937499999996,0.15054687500000002,0.6375,0.21195312500000002,0.4666666666666667,0.4666666666666667,15,15.0,13,9,2.2691043083900224,2.9959183673469387,0.08382012724117989,0.1148970077541506,0.1627886002886003,0.16682330827067668,2.09,3.63,3.76,2.04,3.76,3.78
Nurnberg,Schalke 04,0,0,12,0.1032,0.1628,0.728,0.13539062499999993,0.48750000000000004,0.377109375,0.13374999999999998,0.575,0.29125000000000006,0.26666666666666666,0.6470588235294118,18,5.0,18,7,3.247619047619047,2.5472222222222225,0.06217532467532468,0.15162302974802974,0.13106945676821452,0.13012218045112783,3.45,3.6,2.21,3.07,3.56,2.42
Werder Bremen,Leverkusen,1,0,12,0.0666,0.1553,0.7757,-0.040000000000000036,0.6000000000000001,0.43999999999999995,0.11054687499999999,0.4375,0.451953125,0.5333333333333333,1.0,13,2.0,14,2,2.877551020408163,3.811904761904762,0.10476190476190476,0.1348770277341706,0.154328398025877,0.049559823929571825,4.75,3.97,1.79,5.05,4.31,1.69
M'gladbach,Wolfsburg,2,2,12,0.7713,0.1598,0.0668,0.42601562499999995,0.1625000000000001,0.41148437499999996,0.506328125,0.11250000000000004,0.38117187499999994,1.411764705882353,0.5882352941176471,2,10.0,3,5,2.513392857142857,2.8723214285714285,0.22047312852266412,0.08065294679744808,0.054748139287612976,0.10670995670995671,2.22,3.49,3.53,2.3,3.57,3.27
M'gladbach,Bayern Munich,0,2,1,0.1692,0.2642,0.5662,0.35304687500000004,0.13749999999999996,0.5094531250000001,0.42289062499999996,0.11250000000000004,0.464609375,1.3157894736842106,1.1333333333333333,2,1.0,3,1,2.623015873015873,2.2358534322820036,0.21184913011538398,0.18252189764794804,0.061010691712446094,0.06683673469387755,7.69,4.75,1.47,6.43,4.55,1.55
Dortmund,Augsburg,2,2,1,0.7268,0.1874,0.0846,0.078125,0.475,0.446875,0.0859375,0.625,0.2890625,0.9473684210526315,0.42105263157894735,6,12.0,4,8,2.7402930402930403,3.8253968253968256,0.10508502783829582,0.054391133557800224,0.19272486772486772,0.11719930632974111,1.32,5.99,10.45,1.37,5.34,9.78
Ein Frankfurt,Hertha,1,0,1,0.1977,0.2143,0.5837,0.19101562499999997,0.36250000000000004,0.446484375,0.09375000000000003,0.44999999999999996,0.45625000000000004,0.23529411764705882,0.7058823529411765,18,4.0,15,6,2.5977678571428573,2.470833333333333,0.11557943690296632,0.1653409090909091,0.14964792152292153,0.12404366466866466,2.38,3.45,3.22,2.5,3.43,3.04
Freiburg,Leverkusen,3,2,1,0.0915,0.2572,0.6512,0.19281250000000003,0.575,0.23218750000000002,0.14749999999999996,0.55,0.3025,0.35294117647058826,0.8823529411764706,17,2.0,16,2,3.9229166666666666,3.885416666666666,0.08406049359996728,0.11801739926739926,0.1430425579322638,0.05472848230201171,5.22,3.83,1.76,5.35,4.0,1.71
Nurnberg,Hoffenheim,4,0,1,0.0884,0.1557,0.7506,0.21617187500000004,0.5874999999999999,0.19632812500000005,0.17648437499999997,0.5875,0.236015625,0.29411764705882354,0.5882352941176471,18,8.0,18,13,3.3104166666666663,3.202678571428571,0.0544034090909091,0.16399711399711397,0.11468577467218771,0.15022244911950794,2.61,3.62,2.77,2.47,3.61,2.96
Stuttgart,Mainz,1,2,1,0.5524,0.1857,0.2364,0.139765625,0.5125,0.34773437500000004,0.25187499999999996,0.42500000000000004,0.323125,0.6,0.5882352941176471,13,9.0,10,9,3.2831632653061225,2.8535714285714286,0.1415227629513344,0.12938103563103565,0.119989190007987,0.15985928362573099,2.12,3.54,3.76,2.24,3.58,3.4
Wolfsburg,Hannover,1,3,1,0.8798,0.0852,0.0265,0.41874999999999996,0.5,0.08125000000000002,0.5061718749999999,0.6125,-0.11867187499999998,1.1176470588235294,0.0,4,18.0,5,12,3.09375,3.635416666666667,0.13779239766081872,0.0493596681096681,0.08522992530345472,0.16822570489366157,1.58,4.43,6.22,1.67,4.25,5.39
Hamburg,Schalke 04,0,3,1,0.2671,0.1975,0.5158,0.02242187499999998,0.6125,0.365078125,0.0859375,0.625,0.2890625,0.4117647058823529,0.631578947368421,18,6.0,16,7,2.26671626984127,2.7086419753086424,0.08723150022492128,0.1347760264426931,0.1712861790986791,0.11566416040100252,2.83,3.67,2.53,2.71,3.69,2.63
Werder Bremen,Braunschweig,0,0,1,0.515,0.2509,0.2327,0.19992187500000003,0.6625,0.137578125,0.29874999999999996,0.65,0.051250000000000004,0.6470588235294118,0.23529411764705882,11,17.0,12,18,2.9761904761904763,4.758333333333333,0.10303030303030303,0.07564484126984126,0.13503734827264238,0.13477564102564105,1.92,3.64,4.46,1.87,3.65,4.76
Stuttgart,Bayern Munich,1,2,1,0.0317,0.1029,0.8606,0.020000000000000018,0.4,0.58,0.13898437500000002,0.3375,0.5235156249999999,0.5294117647058824,1.1764705882352942,13,1.0,12,1,3.2227678571428573,2.1871409840159837,0.132760989010989,0.17012332710862121,0.1299905412569886,0.05848214285714286,12.45,6.35,1.28,11.81,6.13,1.29
Braunschweig,Dortmund,1,2,1,0.0553,0.1595,0.7838,0.2078125,0.625,0.1671875,0.21249999999999997,0.5,0.28750000000000003,0.3684210526315789,0.8235294117647058,16,4.0,18,4,3.5608465608465605,2.717013888888889,0.03517638939633824,0.14801014957264957,0.11393298059964725,0.12521008403361344,11.95,6.01,1.3,11.63,6.31,1.29
Augsburg,Werder Bremen,3,1,2,0.5657,0.1971,0.2241,0.36210937500000007,0.4375,0.20039062499999996,0.480078125,0.5125,0.007421875000000022,0.9411764705882353,0.42105263157894735,7,15.0,9,11,2.784077380952381,3.62037037037037,0.1102095563105625,0.12135734635734637,0.15308372183372182,0.12087083858884684,1.7,4.0,5.49,1.61,4.36,5.96
Hannover,M'gladbach,3,1,2,0.5056,0.2464,0.2461,0.25320312500000003,0.5125,0.23429687500000002,0.26500000000000007,0.3999999999999999,0.335,0.9473684210526315,0.47058823529411764,7,14.0,10,4,3.0416666666666665,3.882575757575758,0.12058127058127058,0.11983403110047847,0.10808404558404558,0.10323886639676114,2.79,3.47,2.68,2.97,3.61,2.46
Hoffenheim,Hamburg,3,0,2,0.2341,0.1298,0.3966,0.20156250000000003,0.825,-0.026562500000000003,0.12062499999999998,0.675,0.20437499999999997,0.42105263157894735,0.47368421052631576,14,12.0,13,16,2.4271164021164022,2.251170126170126,0.1719871647407879,0.19630696101284337,0.19351413836707954,0.11849784393644042,2.04,3.86,3.69,1.86,4.02,4.26
Leverkusen,Stuttgart,2,1,2,0.7125,0.1228,0.1086,0.145,0.8,0.05499999999999997,0.38,0.55,0.06999999999999995,1.1578947368421053,0.5263157894736842,3,10.0,2,13,2.4028980278980274,3.1281746031746036,0.15628286402280211,0.1904320987654321,0.09551133023355246,0.16739479417497993,1.53,4.41,7.1,1.5,4.68,7.1
Mainz,Freiburg,2,0,2,0.4698,0.2756,0.254,0.37835937499999994,0.36250000000000004,0.259140625,0.29468750000000005,0.5249999999999999,0.18031250000000004,0.7368421052631579,0.42105263157894735,10,13.0,9,15,2.292548500881834,3.5555555555555554,0.11607013175640625,0.1041125541125541,0.09682030932030933,0.10696196807307919,1.8,3.78,5.01,1.82,3.69,4.98
Schalke 04,Wolfsburg,2,1,2,0.5111,0.2255,0.2583,0.38125000000000003,0.375,0.24374999999999997,0.43000000000000005,0.19999999999999996,0.37,0.9411764705882353,0.5789473684210527,10,8.0,5,7,3.6781249999999996,2.7070207570207567,0.16198797332698261,0.08403718727674397,0.1230406746031746,0.11072631072631073,2.07,3.72,3.74,2.01,3.87,3.79
Bayern Munich,Ein Frankfurt,5,0,2,0.8107,0.1366,0.0499,0.517578125,0.1875,0.294921875,0.5528125,0.32499999999999996,0.12218750000000003,1.4210526315789473,0.5789473684210527,1,7.0,1,14,2.6592592592592594,3.1648148148148145,0.13613654193364338,0.08012265512265512,0.049417249417249426,0.11498778998778997,1.12,11.07,26.45,1.14,9.7,23.75
Hertha,Nurnberg,1,3,2,0.6139,0.2207,0.1634,0.3296875,0.375,0.2953125,0.30000000000000004,0.6,0.1,0.8421052631578947,0.3157894736842105,10,16.0,9,17,3.0669753086419753,3.3212962962962966,0.13564814814814813,0.10413745420195368,0.1135441718775052,0.12703913969898625,1.93,3.61,4.46,1.91,3.65,4.5
M'gladbach,Leverkusen,0,1,2,0.5186,0.2738,0.2071,0.11679687500000001,0.6625,0.220703125,0.31773437499999996,0.5375000000000001,0.14476562499999995,1.1904761904761905,0.7894736842105263,3,3.0,5,2,2.560714285714286,3.6620370370370363,0.19066421710384557,0.11971916971916971,0.06324295587453482,0.07428856546503605,2.65,3.51,2.8,2.87,3.49,2.58
Ein Frankfurt,Braunschweig,3,0,2,0.5573,0.2779,0.1646,0.275703125,0.5875,0.13679687499999998,0.293828125,0.6375,0.06867187500000002,0.3684210526315789,0.2631578947368421,17,17.0,14,18,2.8646825396825397,4.618518518518518,0.12495949946930339,0.06723985890652556,0.13302037468704137,0.11980056980056981,1.65,4.09,5.96,1.66,4.09,5.74
Freiburg,Hoffenheim,1,1,2,0.2134,0.1907,0.5805,0.22164062500000004,0.5375,0.240859375,0.31093750000000003,0.575,0.11406250000000002,0.47368421052631576,0.5263157894736842,14,9.0,15,11,3.775925925925926,3.2912698412698407,0.10036146439655212,0.14577521244187908,0.1419637551990493,0.16130884366178483,2.89,3.5,2.58,3.15,3.56,2.37
Hamburg,Hertha,0,3,2,0.1859,0.1934,0.6117,-0.0871875,0.775,0.31218749999999995,0.004687500000000011,0.625,0.3703125,0.3684210526315789,0.631578947368421,18,6.0,17,9,2.422266313932981,2.585185185185185,0.07753911131104113,0.14696969696969697,0.18003215919882587,0.13248325748325748,2.79,3.49,2.67,2.58,3.54,2.85
Nurnberg,Bayern Munich,0,2,2,0.0184,0.086,0.8913,0.38117187499999994,0.11250000000000004,0.506328125,0.28,0.19999999999999996,0.52,0.42105263157894735,1.2105263157894737,16,1.0,16,1,3.196560846560846,2.3250777000776996,0.07613636363636364,0.16047999446692254,0.10194291081972241,0.06208513708513709,14.35,6.74,1.25,14.4,6.73,1.25
Werder Bremen,Dortmund,1,5,2,0.0735,0.128,0.7868,0.13679687499999998,0.5875,0.275703125,0.228203125,0.38749999999999996,0.38429687500000004,0.631578947368421,0.8947368421052632,11,3.0,13,3,3.08994708994709,2.7854938271604937,0.09158249158249158,0.14267568850902185,0.120033198464571,0.1182422969187675,8.74,5.29,1.4,8.56,5.86,1.36
Wolfsburg,Mainz,3,0,2,0.6523,0.1747,0.1594,0.12414062500000003,0.38749999999999996,0.48835937500000004,0.2849999999999999,0.30000000000000004,0.41500000000000004,1.0,0.6842105263157895,7,6.0,8,7,3.0833333333333335,2.8142857142857145,0.12711176088369072,0.13722758722758724,0.1090932669364042,0.1500336489371577,1.83,3.87,4.59,1.93,3.5,4.56
Schalke 04,Hannover,2,0,2,0.7478,0.1343,0.0973,0.412578125,0.2875,0.299921875,0.5099999999999999,0.4,0.09000000000000005,1.0,0.15789473684210525,7,18.0,4,10,3.510185185185185,3.416666666666667,0.16108332671800163,0.07720859387526054,0.1204805996472663,0.1541635895351066,1.61,4.45,5.78,1.63,4.3,5.56
Stuttgart,Augsburg,1,4,2,0.4996,0.27,0.2298,-0.044921875,0.5625,0.482421875,0.07999999999999999,0.6,0.32000000000000006,0.47368421052631576,0.42857142857142855,15,11.0,14,9,3.272089947089947,4.042857142857143,0.1281107781107781,0.08228535353535353,0.12480640704324913,0.11659048680787812,2.5,3.33,3.14,2.57,3.36,3.0
Mainz,Hannover,2,0,2,0.6309,0.2203,0.1473,0.3409375,0.42500000000000004,0.23406249999999995,0.39460937500000004,0.5375,0.06789062499999998,0.8095238095238095,0.14285714285714285,9,18.0,9,10,2.3232936507936506,3.675,0.119847733965381,0.06948773448773449,0.0871382783882784,0.15124723058159592,1.98,3.68,4.11,2.14,3.52,3.69
Bayern Munich,Freiburg,4,0,2,0.8839,0.0877,0.0228,0.53125,0.25,0.21875,0.5703125,0.375,0.0546875,1.4285714285714286,0.38095238095238093,1,14.0,1,15,2.571904761904762,3.8,0.14252288774027905,0.0937012987012987,0.04447552447552448,0.11165038665038667,1.1,12.5,32.35,1.1,12.1,39.0
Braunschweig,Hamburg,4,2,2,0.1222,0.1812,0.6922,0.1796875,0.875,-0.0546875,0.20218750000000002,0.725,0.07281250000000002,0.3333333333333333,0.42857142857142855,17,12.0,18,17,3.5247619047619048,2.0260531135531137,0.03790875045670442,0.17667626491155902,0.11253968253968254,0.1280766309713678,2.78,3.42,2.72,2.82,3.52,2.62
Dortmund,Ein Frankfurt,4,0,2,0.7603,0.1398,0.0885,0.351953125,0.3125,0.335546875,0.125,0.75,0.125,0.9047619047619048,0.5238095238095238,9,9.0,3,12,2.916263736263736,3.148333333333333,0.10568763616557734,0.07211038961038961,0.20678571428571427,0.12348901098901097,1.31,6.09,11.0,1.26,6.7,12.77
Hoffenheim,Stuttgart,4,1,2,0.4151,0.1603,0.3064,0.31218749999999995,0.775,-0.08718749999999997,0.32460937500000003,0.6625,0.012890624999999989,0.5238095238095238,0.47619047619047616,12,11.0,11,14,2.3844047619047624,3.1486904761904766,0.17621701969528053,0.18138888888888888,0.17416272453037157,0.1688371329393001,2.08,3.7,3.71,2.08,3.65,3.73
Leverkusen,Schalke 04,1,2,2,0.5835,0.1956,0.2093,0.25039062500000003,0.26249999999999996,0.487109375,0.3871875,0.32499999999999996,0.2878125,1.1904761904761905,0.7142857142857143,2,5.0,2,4,2.382608225108225,2.571111111111111,0.15883639580234007,0.14629842379842378,0.0959601972101972,0.10409774436090227,2.11,3.57,3.75,2.25,3.54,3.41
Werder Bremen,M'gladbach,1,1,2,0.1954,0.2152,0.5854,0.150390625,0.8125,0.037109375,0.14,0.6,0.26,0.5714285714285714,0.42105263157894735,12,15.0,13,6,3.000952380952381,3.6734006734006734,0.09151515151515152,0.1157783980152401,0.14136321195144724,0.11260121457489879,3.81,3.65,2.07,3.65,3.65,2.12
Augsburg,Nurnberg,0,1,2,0.5245,0.2015,0.2588,0.43124999999999997,0.30000000000000004,0.26875,0.48320312499999996,0.3125,0.20429687500000002,1.0,0.42857142857142855,9,14.0,8,16,2.9191798941798943,3.2641666666666667,0.1146307167205,0.12099643605448558,0.1638521971855305,0.12202753342139532,1.85,3.71,4.75,1.74,3.85,5.42
Hertha,Wolfsburg,1,2,2,0.4367,0.2871,0.2758,0.284140625,0.48750000000000004,0.22835937499999995,0.1534375,0.575,0.27156250000000004,0.7619047619047619,0.5238095238095238,10,11.0,9,7,3.085277777777778,2.602985347985348,0.12977564102564101,0.08563346854906959,0.12946248196248195,0.11503829503829506,2.46,3.33,3.19,2.33,3.48,3.27
Schalke 04,Mainz,0,0,2,0.6536,0.159,0.1585,0.4825,0.15000000000000002,0.3675,0.517578125,0.1875,0.294921875,1.0476190476190477,0.6190476190476191,4,7.0,4,7,3.3877380952380953,2.932857142857143,0.15747499404620147,0.12350482850482851,0.10843253968253967,0.15267734286697135,1.79,3.9,4.9,1.88,3.7,4.61
Freiburg,Augsburg,2,4,2,0.2433,0.2726,0.4835,0.16125,0.525,0.31375,0.28945312500000003,0.3374999999999999,0.37304687500000006,0.47619047619047616,0.5217391304347826,15,8.0,16,8,3.6733333333333333,3.857142857142857,0.099416227047806,0.11116850321395777,0.13332293523469993,0.11167316982534374,3.25,3.34,2.42,3.52,3.38,2.27
Hamburg,Dortmund,3,0,2,0.0452,0.0797,0.8276,-0.12117187499999998,0.5875,0.533671875,-0.04625000000000007,0.55,0.49625,0.3333333333333333,0.9523809523809523,18,2.0,17,3,2.6467063492063496,2.694444444444444,0.06978520017993703,0.16174145299145298,0.1920289432789433,0.11550897631779984,8.63,5.38,1.39,8.06,5.6,1.39
M'gladbach,Hoffenheim,2,2,2,0.6972,0.1575,0.1293,0.03757812499999999,0.5875,0.37492187499999996,0.18343749999999998,0.675,0.14156249999999998,1.0869565217391304,0.5238095238095238,3,10.0,8,10,2.7521645021645025,3.4121428571428565,0.17333110645804142,0.13675324675324674,0.06506935382533469,0.15426886838651543,1.97,3.74,4.08,2.02,3.87,3.75
Nurnberg,Braunschweig,2,1,2,0.4738,0.3319,0.1943,0.37320312499999997,0.4125000000000001,0.21429687499999994,0.28812499999999996,0.675,0.03687499999999999,0.38095238095238093,0.23809523809523808,18,17.0,14,18,3.3269047619047614,5.156666666666666,0.06852272727272728,0.06051587301587301,0.10285973084886128,0.12360998650472337,1.65,4.0,6.1,1.63,4.18,6.11
Stuttgart,Hertha,1,2,2,0.2126,0.211,0.5704,-0.07218749999999996,0.825,0.2471875,-0.007500000000000007,0.55,0.45749999999999996,0.42857142857142855,0.7142857142857143,18,6.0,16,9,4.544880952380953,2.5766666666666667,0.12154970029970029,0.1622727272727273,0.15232576633892422,0.11923493173493174,2.83,3.36,2.71,2.92,3.44,2.58
Wolfsburg,Leverkusen,3,1,2,0.4212,0.3195,0.2592,0.3178125,0.475,0.20718750000000002,0.349609375,0.38749999999999996,0.26289062500000004,1.0476190476190477,0.8571428571428571,5,4.0,5,2,3.017857142857143,3.695833333333333,0.13204764361885107,0.11608058608058607,0.09818394024276378,0.06685970891853245,2.45,3.47,3.09,2.34,3.51,3.24
Ein Frankfurt,Werder Bremen,0,0,2,0.4757,0.2357,0.2847,0.244140625,0.6125,0.14335937499999996,0.43999999999999995,0.6000000000000001,-0.040000000000000036,0.47619047619047616,0.38095238095238093,15,16.0,13,14,2.8496428571428574,3.258333333333333,0.12825302320658358,0.13422161172161173,0.11971833721833722,0.12378375472996214,1.78,3.84,5.09,1.76,4.12,4.74
Hannover,Bayern Munich,0,4,2,0.0656,0.1685,0.7645,0.12218750000000003,0.32499999999999996,0.5528125,0.33875,0.15000000000000002,0.51125,1.0,1.2380952380952381,7,1.0,11,1,3.004166666666667,2.3925699300699295,0.1272731435231435,0.15554310613134142,0.10560897435897436,0.05587662337662338,13.26,6.59,1.26,11.25,6.87,1.27
Hertha,Freiburg,0,0,2,0.6069,0.2411,0.1512,0.29874999999999996,0.65,0.051250000000000004,0.173046875,0.8125,0.014453124999999997,0.6956521739130435,0.34782608695652173,10,16.0,8,17,3.100252525252525,3.4545454545454546,0.12497086247086245,0.08518299881936245,0.14042043814771088,0.12422762422762425,1.65,3.98,6.21,1.6,4.11,6.54
Augsburg,Hannover,1,1,3,0.7095,0.1724,0.113,0.4090625,0.525,0.06593750000000001,0.41874999999999996,0.55,0.03125,0.9047619047619048,0.13043478260869565,9,18.0,8,11,2.927261904761905,3.765151515151515,0.10316764504845,0.06317066771612226,0.15655788655788655,0.14706686033733601,1.79,3.8,5.06,1.79,3.84,5.0
Bayern Munich,Schalke 04,5,1,3,0.8022,0.1335,0.0595,0.5028125,0.07499999999999996,0.42218750000000005,0.51125,0.15000000000000002,0.33875,1.434782608695652,0.782608695652174,1,5.0,1,4,2.5458874458874456,2.5873737373737375,0.15229353430934459,0.1495274927093109,0.04043229497774953,0.10162732004837269,1.19,7.93,17.5,1.17,8.77,19.19
Braunschweig,M'gladbach,1,1,3,0.2237,0.275,0.5008,0.15445312499999997,0.7125,0.133046875,0.25,0.5,0.25,0.43478260869565216,0.42857142857142855,15,15.0,18,8,3.386147186147186,3.58939393939394,0.06043652638921181,0.11008291115489258,0.11240981240981242,0.10800775978407558,4.16,3.61,1.99,3.85,3.68,2.05
Dortmund,Nurnberg,3,0,3,0.6835,0.1631,0.1383,0.31468750000000006,0.2749999999999999,0.4103125,0.18648437500000004,0.4625,0.35101562499999994,0.9565217391304348,0.5217391304347826,6,10.0,3,12,2.8247025701571156,3.4674242424242423,0.11339568655745126,0.11826122285944969,0.18798701298701295,0.11093412129217756,1.27,6.44,12.55,1.25,7.12,12.5
Leverkusen,Mainz,0,1,3,0.7033,0.1509,0.1256,0.13749999999999998,0.5,0.36250000000000004,0.2440625,0.475,0.2809375,1.0869565217391304,0.6086956521739131,3,7.0,3,9,2.40237111373475,2.8366883116883117,0.1513897304496798,0.11227711682257137,0.10376546853819581,0.1387975844245194,1.78,3.81,5.15,1.82,3.85,4.73
Werder Bremen,Hamburg,1,0,3,0.1638,0.1506,0.6367,0.16679687499999998,0.6875,0.14570312500000002,0.261953125,0.7625,-0.024453124999999992,0.5652173913043478,0.391304347826087,12,15.0,14,16,2.9229437229437227,2.0464119214119214,0.08925619834710743,0.17071579638424558,0.13385960444783973,0.1424073268570876,2.75,3.62,2.63,2.76,3.59,2.64
Ein Frankfurt,Stuttgart,2,1,3,0.4409,0.2285,0.324,0.31218750000000006,0.7749999999999999,-0.08718749999999997,0.425546875,0.6125,-0.03804687500000006,0.4782608695652174,0.43478260869565216,14,13.0,14,17,3.067857142857143,3.1579004329004334,0.11659365746053053,0.17189199689199688,0.1088348520166702,0.18146033064411898,2.15,3.61,3.6,2.36,3.53,3.2
Hoffenheim,Wolfsburg,6,2,3,0.409,0.2069,0.3643,0.3175,0.30000000000000004,0.38249999999999995,0.373046875,0.3374999999999999,0.2894531250000001,0.6086956521739131,0.6086956521739131,12,8.0,10,5,2.3153679653679657,2.608774558774559,0.18816931860410116,0.10057588049915415,0.16532275656607207,0.11157327520963886,2.72,3.57,2.69,2.45,3.69,2.93
Hamburg,Ein Frankfurt,1,1,3,0.4707,0.2307,0.2934,0.077265625,0.5875,0.335234375,0.16874999999999998,0.75,0.08125000000000002,0.43478260869565216,0.4782608695652174,17,11.0,16,12,2.6030663780663783,3.4984848484848485,0.08442011205169099,0.06555489964580874,0.17457176661722118,0.12957875457875456,2.53,3.48,2.88,2.88,3.49,2.59
Hannover,Leverkusen,1,1,3,0.3307,0.2793,0.3892,0.125,0.75,0.125,0.3025,0.55,0.14749999999999996,0.9130434782608695,0.782608695652174,7,4.0,12,3,2.9734848484848486,3.6325757575757573,0.1157028577483123,0.11057831057831057,0.12198218448218447,0.09108458386533252,3.22,3.44,2.37,3.48,3.57,2.21
M'gladbach,Augsburg,1,2,3,0.5915,0.2202,0.1855,0.15398437499999995,0.48750000000000004,0.358515625,0.10937499999999997,0.42500000000000004,0.46562499999999996,1.04,0.6,2,7.0,7,8,2.6431878306878307,3.6857142857142855,0.1717073604070508,0.12042297979797982,0.06841883749778487,0.11518758516041123,2.34,3.42,3.34,2.27,3.49,3.41
Nurnberg,Werder Bremen,0,2,3,0.3182,0.2725,0.4083,0.27789062500000006,0.4624999999999999,0.25960937500000003,0.37,0.575,0.05500000000000002,0.4782608695652174,0.391304347826087,16,16.0,14,13,3.133549783549783,2.9621212121212115,0.09259641873278236,0.12201964701964703,0.09764107763119621,0.11253068611814741,1.93,3.69,4.37,2.0,3.86,3.8
Schalke 04,Hoffenheim,4,0,3,0.5606,0.1934,0.2295,0.269921875,0.3125,0.417578125,0.47101562500000005,0.38749999999999996,0.14148437500000002,1.0,0.5217391304347826,6,9.0,4,10,3.4433982683982687,3.3487012987012985,0.1431590854965468,0.13389051140247313,0.09857503607503607,0.1542304397919371,1.82,4.08,4.42,2.08,3.85,3.58
Stuttgart,Braunschweig,2,2,3,0.6367,0.2214,0.1407,-0.07218749999999996,0.825,0.2471875,0.04999999999999999,0.9,0.04999999999999999,0.391304347826087,0.21739130434782608,18,17.0,17,18,4.343831168831169,5.021212121212121,0.11699323403868857,0.05914666141938869,0.15867998960104224,0.14267574530732427,1.73,3.84,5.48,1.79,3.84,5.02
Wolfsburg,Bayern Munich,1,6,3,0.0902,0.2206,0.6888,0.28,0.19999999999999996,0.52,0.3671875,0.125,0.5078125,1.0869565217391304,1.2608695652173914,5,1.0,5,1,2.907142857142857,2.356881754609027,0.15034634268380398,0.16737684972979092,0.09430863254392667,0.05079693034238489,10.78,5.79,1.33,10.69,6.4,1.3
Freiburg,Dortmund,0,1,3,0.0842,0.128,0.7699,0.04523437500000002,0.5125,0.442265625,0.22062500000000002,0.44999999999999996,0.32937500000000003,0.43478260869565216,0.8695652173913043,17,2.0,17,2,3.575757575757576,2.79040404040404,0.10436440221129217,0.14703768453768454,0.14140468859720198,0.12598718126792993,9.34,5.4,1.37,8.15,4.95,1.44
Mainz,Hertha,1,1,3,0.3061,0.2806,0.4126,0.37835937500000005,0.36249999999999993,0.259140625,0.3721875,0.22499999999999998,0.4028125,0.8695652173913043,0.782608695652174,9,5.0,7,9,2.327994227994228,2.546969696969697,0.11852186341350425,0.167722681359045,0.07921661671661671,0.11488889897980807,2.21,3.39,3.67,2.4,3.24,3.39
Augsburg,Schalke 04,1,2,3,0.4223,0.2242,0.3449,0.36835937500000004,0.3125,0.31914062499999996,0.30820312499999997,0.4375,0.25429687500000003,0.8695652173913043,0.72,9,6.0,6,4,2.9520562770562773,2.580092592592593,0.09947058640768182,0.14540020165020165,0.15141626050716958,0.11209777065040223,2.39,3.56,3.12,2.33,3.56,3.2
Bayern Munich,Leverkusen,2,1,3,0.7357,0.1923,0.0713,0.5703125,0.375,0.0546875,0.5528125,0.32499999999999996,0.12218750000000003,1.44,0.76,1,5.0,1,4,2.486507936507936,4.079861111111111,0.15854180038962648,0.11062271062271062,0.0453962703962704,0.08788016678883552,1.18,8.65,18.64,1.2,8.14,14.81
Braunschweig,Wolfsburg,1,1,3,0.2419,0.2608,0.4963,0.208984375,0.5625,0.228515625,0.29101562500000006,0.5125,0.196484375,0.44,0.56,14,8.0,18,5,3.6595238095238094,2.4913766788766787,0.0595668158567775,0.11997233490200242,0.10998677248677248,0.13168726698138464,4.4,3.65,1.93,3.68,3.6,2.11
Dortmund,M'gladbach,1,2,3,0.6943,0.1788,0.122,0.45625000000000004,0.44999999999999996,0.09375000000000003,0.3475,0.45000000000000007,0.20249999999999996,1.0,0.43478260869565216,6,13.0,2,9,2.8485699485699487,3.535812672176309,0.11287461743956843,0.10765113135293264,0.17232142857142854,0.10273432707643235,1.39,5.29,8.86,1.48,4.73,7.54
Hertha,Hannover,0,3,3,0.6179,0.24,0.1414,0.33062500000000006,0.575,0.09437500000000001,0.18343749999999998,0.675,0.14156249999999998,0.68,0.16,10,18.0,9,12,3.216898148148148,3.8680555555555554,0.11455662393162391,0.06623977873977874,0.12871873496873495,0.14001962197589135,1.93,3.63,4.43,2.08,3.43,4.04
Hoffenheim,Mainz,2,4,3,0.5446,0.1626,0.2259,0.26500000000000007,0.3999999999999999,0.335,0.44875,0.22499999999999998,0.32625000000000004,0.68,0.68,11,7.0,11,8,2.240476190476191,2.8502976190476192,0.20190030675964177,0.1121799496799497,0.17932363796334383,0.12723111905580944,2.23,3.72,3.31,2.27,3.72,3.22
Werder Bremen,Stuttgart,1,1,3,0.2494,0.2005,0.5355,0.443359375,0.5625,-0.005859374999999972,0.405,0.7,-0.10499999999999998,0.64,0.4,12,14.0,12,16,2.857936507936508,3.1655753968253975,0.08737373737373738,0.1639779202279202,0.12270463741051975,0.17915914924428855,2.44,3.57,3.03,2.79,3.57,2.63
Ein Frankfurt,Freiburg,1,4,3,0.5516,0.2741,0.174,0.365078125,0.6125,0.02242187499999998,0.498984375,0.5125,-0.011484374999999936,0.56,0.36,13,15.0,13,17,2.9927579365079366,3.283333333333333,0.11969803215933246,0.07808441558441558,0.10617553742553743,0.11387532220865555,1.88,3.71,4.58,2.04,3.56,4.01
Hamburg,Nurnberg,2,1,3,0.3225,0.2221,0.4466,0.175,0.65,0.175,0.18320312500000002,0.5375,0.279296875,0.44,0.48,15,14.0,17,14,2.525033068783069,3.3451388888888887,0.08294065826960563,0.10840612095449555,0.17192888130388131,0.11061818261306754,2.26,3.47,3.46,2.09,3.51,3.82
Freiburg,Werder Bremen,3,1,3,0.2611,0.2423,0.4941,0.16445312500000003,0.4375,0.39804687499999997,0.15664062499999998,0.5875,0.255859375,0.4,0.48,17,13.0,16,12,3.277777777777778,2.9152777777777774,0.09566736869368449,0.12574023199023202,0.13656540899187958,0.10315312894163513,2.22,3.51,3.52,2.19,3.6,3.49
Hannover,Dortmund,0,3,3,0.2399,0.2176,0.5364,0.25960937500000003,0.4624999999999999,0.27789062500000006,0.24554687500000005,0.38749999999999996,0.366953125,0.88,0.92,7,2.0,10,2,2.951884920634921,2.8078703703703702,0.11044691784823363,0.1417289886039886,0.12107626170126169,0.11548824949560244,5.18,4.25,1.69,5.66,4.65,1.59
Mainz,Bayern Munich,0,2,3,0.0444,0.1493,0.805,0.395,0.09999999999999998,0.505,0.32429687500000004,0.16249999999999998,0.513203125,0.84,1.28,8,1.0,5,1,2.3562169312169314,2.2854749417249414,0.11385337479571223,0.18120655669675279,0.07955967643467644,0.05350829725829726,13.0,6.21,1.28,12.45,6.34,1.28
M'gladbach,Hertha,3,0,3,0.4547,0.2513,0.2919,0.28312499999999996,0.55,0.16687499999999997,0.013671874999999944,0.5625,0.42382812500000006,0.9629629629629629,0.76,3,5.0,7,9,2.5840964590964592,2.4458333333333333,0.16362730704240588,0.1606902356902357,0.0712530159898581,0.11052315739815739,2.05,3.52,4.02,2.18,3.51,3.6
Schalke 04,Braunschweig,3,1,3,0.8177,0.1263,0.0513,0.38749999999999996,0.4,0.2125,0.510625,0.44999999999999996,0.03937500000000002,1.04,0.24,3,18.0,3,18,3.378670634920635,4.908333333333332,0.14511805059405677,0.06936928811928811,0.09036044973544972,0.14269086176980914,1.45,4.99,7.63,1.5,4.82,6.95
Stuttgart,Hamburg,1,0,3,0.3595,0.1896,0.4085,0.09437500000000006,0.575,0.330625,0.09749999999999998,0.9,0.0024999999999999953,0.4,0.36,18,16.0,17,15,4.2735119047619055,2.1050442612942613,0.11914855977355976,0.1564894800188918,0.16060817228580387,0.13609560517455252,2.07,3.7,3.74,1.9,3.99,4.1
Wolfsburg,Augsburg,1,1,3,0.4805,0.2342,0.2812,0.18624999999999997,0.55,0.26375,0.251640625,0.2875,0.460859375,1.0,0.6666666666666666,5,7.0,7,8,2.9982142857142855,3.7675824175824175,0.14476192523793144,0.1192568396515765,0.11422735760971055,0.11145520681473858,2.18,3.62,3.51,2.37,3.45,3.22
Leverkusen,Hoffenheim,2,3,3,0.6694,0.1575,0.1481,0.015625,0.75,0.234375,0.163828125,0.7375,0.09867187499999996,1.0,0.48,5,10.0,4,11,2.4000901875901874,3.4863095238095236,0.13877391957887314,0.12273296878560036,0.10437760541927209,0.1552667920314979,1.76,4.2,4.67,1.67,4.62,4.85
Nurnberg,Ein Frankfurt,2,5,3,0.3735,0.2973,0.3288,0.09968749999999997,0.675,0.22531249999999997,0.2484375,0.625,0.1265625,0.44,0.48,18,11.0,17,13,3.1849206349206347,3.4986111111111113,0.0848800505050505,0.07199675324675325,0.10339321005081875,0.12433608058608057,2.51,3.48,2.99,2.58,3.47,2.9
Braunschweig,Mainz,3,1,3,0.2374,0.2465,0.5143,0.1140625,0.575,0.31093750000000003,0.2727343750000001,0.3374999999999999,0.389765625,0.4444444444444444,0.7407407407407407,17,4.0,18,6,3.6857142857142855,2.751923076923077,0.06460013771394846,0.13152275075352,0.1085192585192585,0.12443711689067725,3.65,3.55,2.15,3.37,3.49,2.29
Dortmund,Schalke 04,0,0,3,0.6347,0.1773,0.1726,0.31468749999999995,0.275,0.4103125,0.24554687500000005,0.38749999999999996,0.366953125,0.9259259259259259,0.7777777777777778,6,3.0,2,3,2.904174458020612,2.5739316239316237,0.1072688776365247,0.14960018613864767,0.181043956043956,0.10713786887875958,1.49,4.95,6.75,1.48,5.01,6.89
Hertha,Bayern Munich,1,3,3,0.0288,0.1206,0.8487,0.07179687499999998,0.36250000000000004,0.565703125,0.03742187500000005,0.38749999999999996,0.575078125,0.6296296296296297,1.2962962962962963,10,1.0,9,1,3.2155982905982907,2.330823023130715,0.1057445759368836,0.1739565540077049,0.1517843267843268,0.0493922743922744,15.25,6.98,1.23,16.6,7.05,1.22
Werder Bremen,Wolfsburg,1,3,3,0.2401,0.2369,0.5204,0.28312499999999996,0.55,0.16687499999999997,0.29468750000000005,0.5249999999999999,0.18031250000000004,0.6296296296296297,0.5555555555555556,12,10.0,13,7,2.894505494505495,2.7228092420400114,0.08834498834498836,0.11773670074870152,0.1180735114558644,0.13117286182897045,3.45,3.49,2.25,3.41,3.6,2.22
Augsburg,Leverkusen,1,3,3,0.3537,0.2881,0.3577,0.335546875,0.6875,-0.023046875000000022,0.20437499999999997,0.675,0.12062499999999998,0.8,0.7037037037037037,9,7.0,8,4,3.289384920634921,3.9198717948717947,0.09514962484196231,0.1149337841645534,0.15546490546490546,0.08780911716962743,2.42,3.47,3.14,2.64,3.48,2.82
Ein Frankfurt,M'gladbach,1,0,3,0.3328,0.2763,0.39,0.29320312500000006,0.36249999999999993,0.344296875,0.302578125,0.4125000000000001,0.28492187499999994,0.5185185185185185,0.52,14,11.0,12,6,2.9625457875457877,3.435606060606061,0.11344907110565601,0.12248972754971206,0.14196423234884772,0.09750646648672966,2.7,3.51,2.75,2.97,3.55,2.49
Hamburg,Freiburg,1,1,3,0.4136,0.2503,0.3335,0.204765625,0.4625,0.33273437499999997,0.33625000000000005,0.475,0.18875,0.5185185185185185,0.4444444444444444,15,12.0,16,14,2.48464590964591,3.1384615384615384,0.08247776739679573,0.11603396603396601,0.16725059128905284,0.10807426192041579,2.1,3.69,3.66,2.02,3.48,4.16
Hoffenheim,Hannover,3,1,3,0.651,0.147,0.1539,0.260078125,0.5375,0.202421875,0.337890625,0.4125,0.24960937500000002,0.6296296296296297,0.25925925925925924,11,17.0,10,12,2.2091575091575093,3.75,0.19336252092498402,0.0941114441114441,0.19350153993819152,0.1292488818238997,1.93,3.98,3.97,1.86,3.89,4.44
Nurnberg,Stuttgart,2,0,3,0.2607,0.2194,0.5131,-0.023046875000000022,0.6875,0.335546875,0.17906250000000007,0.7749999999999999,0.04593750000000002,0.4074074074074074,0.4074074074074074,18,15.0,17,16,3.1899267399267397,3.332326007326008,0.09018513537744306,0.15617192636423402,0.11216229422751163,0.17306998391780481,2.88,3.46,2.61,3.57,3.62,2.16
Schalke 04,Hertha,2,0,3,0.5368,0.2316,0.2287,0.462890625,0.5625,-0.025390625,0.48320312499999996,0.3125,0.20429687500000002,1.0740740740740742,0.7037037037037037,2,7.0,3,9,3.342549117549117,2.565384615384615,0.14116666208682166,0.14832944832944833,0.0904026529026529,0.13086752990599143,1.86,3.78,4.58,1.97,3.9,3.9
Bayern Munich,Hoffenheim,3,3,3,0.8743,0.0594,0.0251,0.5153125000000001,0.17500000000000004,0.30968749999999995,0.534453125,0.26249999999999996,0.20304687500000002,1.4444444444444444,0.5555555555555556,1,9.0,1,10,2.5163919413919413,3.3499999999999996,0.15303524049343448,0.13252274041747725,0.05472476241707011,0.15614370546497242,1.19,8.61,16.3,1.17,9.1,17.5
Freiburg,Nurnberg,3,2,3,0.3138,0.2374,0.4446,0.37093750000000003,0.525,0.10406249999999997,0.24804687499999997,0.5625,0.18945312500000003,0.48148148148148145,0.4444444444444444,17,14.0,14,15,3.3846153846153846,3.260897435897436,0.10479185681614832,0.10861419712038906,0.13704938851997675,0.10802625140614518,2.16,3.48,3.7,2.39,3.38,3.24
Leverkusen,Braunschweig,1,1,3,0.8017,0.1283,0.0628,0.16687499999999997,0.55,0.28312499999999996,0.069765625,0.8375,0.09273437499999998,0.9259259259259259,0.2222222222222222,6,18.0,4,18,2.4000832500832496,4.7423076923076914,0.1409195155087034,0.07102619602619602,0.11557932807932808,0.13892618009520843,1.39,5.42,8.64,1.39,5.52,8.51
Mainz,Augsburg,3,0,3,0.3523,0.2934,0.3539,0.195625,0.65,0.15437499999999998,0.23929687500000005,0.3374999999999999,0.423203125,0.7777777777777778,0.6551724137931034,8,6.0,7,8,2.4826617826617823,3.9270408163265307,0.10509542288834975,0.11669087491455912,0.08012866453501906,0.11063697775654298,2.39,3.46,3.19,2.66,3.37,2.88
Stuttgart,Dortmund,2,3,3,0.141,0.1741,0.6754,0.18648437499999998,0.4625,0.351015625,0.176171875,0.38749999999999996,0.43632812500000007,0.48148148148148145,0.9629629629629629,18,2.0,17,3,4.252472527472528,2.8226495726495724,0.1163935423550808,0.14621137409598947,0.1482536974945882,0.1066045379959407,4.81,4.14,1.75,5.28,4.43,1.65
Wolfsburg,Ein Frankfurt,2,1,3,0.6502,0.1802,0.1592,0.24375000000000002,0.375,0.38125,0.24695312499999997,0.48750000000000004,0.26554687499999996,0.9629629629629629,0.5555555555555556,5,10.0,6,11,3.5368131868131867,3.4260683760683763,0.14131870021962903,0.08318094948529732,0.11185089420383537,0.12660608622147082,1.89,3.96,4.18,1.9,3.85,4.28
Hannover,Werder Bremen,1,2,3,0.4839,0.2311,0.2802,0.15835937500000002,0.6625,0.179140625,0.15835937500000002,0.6625,0.179140625,0.8148148148148148,0.4444444444444444,8,13.0,12,14,2.9555860805860807,2.87051282051282,0.1019510010906772,0.12705691744153283,0.12714731849347233,0.11170178935271813,1.91,3.77,4.33,2.03,3.73,3.87
M'gladbach,Hamburg,3,1,3,0.7113,0.1438,0.1199,0.260078125,0.5375,0.20242187500000003,0.28,0.8,-0.08000000000000004,1.0,0.3333333333333333,3,16.0,7,16,2.542375283446712,2.4046562411947026,0.1787253565393769,0.14445182770974627,0.06616351484772538,0.13203696887907412,1.78,3.9,4.94,1.77,4.22,4.59
Hamburg,Leverkusen,2,1,4,0.2135,0.2447,0.5403,0.143359375,0.6125,0.24414062499999994,0.3409375,0.42500000000000004,0.23406249999999995,0.5172413793103449,0.7586206896551724,16,3.0,16,4,2.6071712018140594,3.7725340136054415,0.0799878588412423,0.12320774463631608,0.16179762697619843,0.08478379061855014,3.56,3.71,2.13,3.31,3.74,2.22
Augsburg,Bayern Munich,1,0,4,0.0263,0.084,0.8806,0.02281250000000004,0.475,0.5021875,0.020000000000000018,0.4,0.58,0.7407407407407407,1.3103448275862069,9,1.0,8,1,3.6004578754578755,2.319097569097569,0.09132692642754561,0.1780146023478139,0.16125754587293045,0.06372139764996908,8.84,5.04,1.41,6.31,4.66,1.55
Dortmund,Wolfsburg,2,1,4,0.6531,0.1884,0.1522,0.3625000000000001,0.2749999999999999,0.3625,0.272265625,0.4375,0.290234375,0.896551724137931,0.6206896551724138,6,8.0,2,5,2.911019139590568,2.6791165184022327,0.09960681494820152,0.12060513189823037,0.16811224489795915,0.1337081336030916,1.52,4.91,6.34,1.41,5.5,7.65
Ein Frankfurt,Mainz,2,0,4,0.3895,0.2479,0.3595,0.25,0.5,0.25,0.35250000000000004,0.3999999999999999,0.24750000000000005,0.5862068965517241,0.6896551724137931,13,5.0,11,7,3.00093537414966,2.726785714285714,0.11044760684300711,0.12808064950922093,0.13182393003821574,0.1308548738474656,2.5,3.5,2.99,2.5,3.54,2.96
Nurnberg,M'gladbach,0,2,4,0.2463,0.2756,0.4774,0.07,0.55,0.37999999999999995,0.228515625,0.5625,0.208984375,0.4827586206896552,0.48148148148148145,17,13.0,16,6,3.11921768707483,3.517482517482518,0.09673035298035297,0.11306744081511882,0.10415070178268937,0.09550047455917901,3.52,3.5,2.22,3.37,3.7,2.2
Stuttgart,Freiburg,2,0,4,0.444,0.2499,0.3037,0.11187499999999997,0.45000000000000007,0.438125,0.1534375,0.575,0.27156250000000004,0.4482758620689655,0.4482758620689655,18,13.0,17,14,4.210629251700681,3.1107142857142853,0.12106673088815945,0.11423933209647494,0.1502691896903529,0.10375603232746092,1.88,3.79,4.47,1.83,3.77,4.79
Werder Bremen,Schalke 04,1,1,4,0.1642,0.1958,0.6344,0.20500000000000002,0.32499999999999996,0.47000000000000003,0.1703125,0.475,0.35468750000000004,0.5862068965517241,0.7586206896551724,14,4.0,12,3,2.9020408163265308,2.532936507936508,0.09393939393939396,0.1389144585573157,0.12091788469773875,0.09948516395884818,3.92,3.77,2.0,4.16,4.09,1.87
Braunschweig,Hannover,3,0,4,0.4166,0.2787,0.304,0.31429687500000003,0.6375,0.04820312500000001,0.377109375,0.48750000000000004,0.13539062499999993,0.5172413793103449,0.2413793103448276,17,18.0,18,13,3.7557823129251697,4.053571428571429,0.07529196461193173,0.09631776953205524,0.10672026386312099,0.130731104550764,2.59,3.46,2.9,2.79,3.52,2.65
Hertha,Hoffenheim,1,1,4,0.3618,0.2293,0.4019,-0.0678125,0.675,0.39281249999999995,-0.023046875000000022,0.6875,0.335546875,0.5862068965517241,0.5517241379310345,15,9.0,9,10,3.128769841269841,3.2694444444444444,0.11604853479853479,0.13377111610194317,0.15742610564039136,0.16447110312656532,2.45,3.68,2.94,2.3,3.76,3.13
Schalke 04,Ein Frankfurt,2,0,4,0.7454,0.148,0.0967,0.3825,0.30000000000000004,0.31749999999999995,0.514609375,0.36250000000000004,0.12289062499999995,1.103448275862069,0.5172413793103449,2,11.0,3,11,3.335938466295609,3.3777777777777778,0.1420723400696311,0.08373295958699686,0.0839453205524634,0.12405630084201512,1.66,4.24,5.52,1.78,4.09,4.69
Bayern Munich,Dortmund,0,3,4,0.6027,0.2047,0.1871,0.269921875,0.3125,0.417578125,0.425,0.1499999999999999,0.4250000000000001,1.3793103448275863,1.0,1,2.0,1,3,2.4676020408163266,2.8638888888888885,0.16158467136728008,0.14837274653451124,0.06153013653013654,0.11197694112610079,1.53,4.69,6.54,1.45,5.24,7.12
Freiburg,Braunschweig,2,0,4,0.5328,0.2479,0.2179,0.29320312499999995,0.36250000000000004,0.344296875,0.3503125,0.575,0.07468750000000005,0.5517241379310345,0.2413793103448276,16,17.0,14,18,3.2857142857142856,4.725,0.11261284663540302,0.0738894042465471,0.1431331623558514,0.13376478627888402,2.08,3.58,3.85,2.14,3.52,3.69
Hannover,Hamburg,2,1,4,0.4454,0.2045,0.3298,-0.01999999999999999,0.7,0.32000000000000006,0.145,0.9,-0.04500000000000001,0.7586206896551724,0.3103448275862069,9,16.0,14,15,2.905187074829932,2.4063644688644685,0.10260529466356534,0.13833552068846186,0.131052380159523,0.13521079883308984,2.5,3.56,2.95,2.5,3.53,2.97
Mainz,Werder Bremen,3,0,4,0.5011,0.2571,0.2407,0.15999999999999998,0.6000000000000001,0.23999999999999994,0.33226562499999995,0.38750000000000007,0.280234375,0.8275862068965517,0.5172413793103449,8,12.0,7,12,2.4481859410430835,2.763690476190476,0.11289472941673293,0.1309684363255792,0.07440518849680341,0.1116595980497462,1.78,3.93,4.9,1.72,4.17,5.0
M'gladbach,Stuttgart,1,1,4,0.7513,0.1321,0.0952,0.42625,0.35,0.22375,0.390625,0.625,-0.015625,1.032258064516129,0.3793103448275862,3,15.0,5,16,2.498809523809524,3.280017006802722,0.17857503865243804,0.14501678876678875,0.065674182485328,0.17369485519640318,1.94,3.86,4.06,1.78,4.27,4.45
Wolfsburg,Nurnberg,4,1,4,0.6054,0.192,0.192,0.34492187499999993,0.6125,0.042578124999999994,0.39460937500000004,0.5375,0.06789062499999998,1.0,0.41379310344827586,4,15.0,7,17,3.4587868480725623,3.3494047619047618,0.13771801384030485,0.11672905605623428,0.11035505111135362,0.11561621304040011,1.57,4.46,6.22,1.55,4.63,6.33
Hoffenheim,Augsburg,2,0,4,0.4681,0.1919,0.3071,0.34375,0.5,0.15625,0.389765625,0.3375,0.272734375,0.6896551724137931,0.6129032258064516,10,6.0,10,8,2.229931972789116,3.8652380952380954,0.19026519800177086,0.10891148325358851,0.18860857279974927,0.11754689352515439,2.43,3.69,2.96,2.32,3.8,3.08
Leverkusen,Hertha,2,1,4,0.4792,0.2384,0.279,0.19585937500000003,0.7625,0.041640625000000014,0.10750000000000004,0.7,0.1925,0.896551724137931,0.6551724137931034,7,7.0,6,10,2.4965058750773035,3.1678571428571423,0.13561574059141507,0.13773448773448774,0.11526016972445544,0.1325088601874316,1.63,4.11,6.07,1.59,4.32,6.26
Ein Frankfurt,Hannover,2,3,4,0.5592,0.2462,0.1935,0.28,0.6,0.12,0.432890625,0.48750000000000004,0.07960937499999998,0.6451612903225806,0.22580645161290322,11,18.0,11,13,2.9342063492063493,4.15,0.11260824257728282,0.08989658489658489,0.12303566803566804,0.14019751576253128,2.03,3.67,3.91,2.11,3.76,3.58
Augsburg,Hertha,0,0,4,0.3615,0.2591,0.3776,0.184453125,0.7875,0.028046875000000013,0.22375,0.725,0.051250000000000004,0.7931034482758621,0.6129032258064516,9,7.0,8,10,3.455527210884354,3.2566666666666664,0.09129708103337028,0.13595959595959595,0.14973914973914973,0.13151807342983812,1.97,3.6,4.26,1.83,3.75,4.81
Braunschweig,Bayern Munich,0,2,4,0.0281,0.1041,0.8641,0.27156250000000004,0.575,0.1534375,0.419921875,0.23750000000000004,0.34257812499999996,0.5806451612903226,1.2258064516129032,13,1.0,18,1,3.7498412698412693,2.6978243978243976,0.08845431848628779,0.16614696219129296,0.0996055796055796,0.06553391053391054,7.81,5.06,1.44,9.4,6.51,1.32
Dortmund,Mainz,4,2,4,0.7069,0.1597,0.1216,0.493046875,0.2875,0.219453125,0.3692968750000001,0.4624999999999999,0.16820312500000004,0.9354838709677419,0.6451612903225806,6,6.0,2,7,2.8502845302845303,2.7716666666666665,0.10629969395165474,0.11954193954193953,0.16041353383458645,0.13165502511477742,1.39,5.5,8.45,1.4,5.5,8.23
Freiburg,M'gladbach,4,2,4,0.2751,0.2577,0.4657,0.33554687499999997,0.3125,0.35195312500000003,0.384765625,0.3125,0.302734375,0.6129032258064516,0.5517241379310345,12,10.0,14,6,3.216666666666667,3.444805194805195,0.11251273093378357,0.11451500456641986,0.133590951532128,0.08867901209066623,3.24,3.55,2.33,3.13,3.68,2.33
Hamburg,Wolfsburg,1,3,4,0.3123,0.2283,0.4531,0.116796875,0.48750000000000004,0.39570312499999993,0.43281250000000004,0.375,0.19218749999999998,0.5806451612903226,0.5806451612903226,15,8.0,16,5,2.673359788359789,2.922730972730973,0.08206274232590022,0.11607356170150623,0.1545198904409431,0.13812759136288552,3.18,3.65,2.32,3.7,3.92,2.02
Werder Bremen,Hoffenheim,3,1,4,0.2028,0.1888,0.5939,0.11187499999999997,0.45000000000000007,0.438125,0.21539062500000003,0.5125,0.272109375,0.5806451612903226,0.5483870967741935,16,9.0,14,9,2.961904761904762,3.2959259259259257,0.09118553960659224,0.130913647755753,0.12026409979196356,0.15956696897873368,3.06,3.81,2.32,3.26,4.03,2.15
Nurnberg,Leverkusen,1,4,4,0.1631,0.2533,0.5831,0.010000000000000037,0.6499999999999999,0.3400000000000001,0.179140625,0.6625,0.15835937500000002,0.45161290322580644,0.7096774193548387,18,4.0,17,5,3.222380952380952,3.6793650793650787,0.09028166278166277,0.11850266692371955,0.1060962105527323,0.08653894531805421,4.07,3.91,1.93,4.87,4.86,1.64
Stuttgart,Schalke 04,3,1,4,0.3104,0.2271,0.4558,0.22375,0.35,0.42625,0.2874999999999999,0.42500000000000004,0.28750000000000003,0.5161290322580645,0.7419354838709677,17,4.0,15,3,4.089920634920635,2.4840740740740737,0.1241067266067266,0.13706090206090205,0.14025124371099604,0.09636159162474953,2.77,3.61,2.61,2.56,3.74,2.76
Hannover,Stuttgart,0,0,4,0.4862,0.2148,0.2887,0.267265625,0.4125,0.320234375,0.208984375,0.6875,0.103515625,0.8064516129032258,0.3870967741935484,8,14.0,12,15,2.8492857142857146,3.34468253968254,0.10006601695481152,0.1392705714764538,0.13564888814888815,0.1668771029452144,2.8,3.47,2.66,2.66,3.5,2.78
Bayern Munich,Werder Bremen,5,2,4,0.8195,0.1067,0.0567,0.22835937499999995,0.48750000000000004,0.284140625,0.30273437499999994,0.48750000000000004,0.209765625,1.2903225806451613,0.4838709677419355,1,12.0,1,12,2.614206349206349,2.8794444444444443,0.15081235994279474,0.12223720723720725,0.07965034965034964,0.11291127702034283,1.25,7.25,12.5,1.2,8.3,15.0
Hertha,Braunschweig,2,0,4,0.5631,0.2719,0.1647,0.103515625,0.6875,0.208984375,0.117421875,0.7875,0.09507812500000003,0.5806451612903226,0.22580645161290322,16,18.0,10,18,3.066851851851852,4.626666666666666,0.11437257187257185,0.06896344396344395,0.15299163799163798,0.13225454126769917,2.04,3.63,3.93,2.1,3.47,3.91
Hoffenheim,Ein Frankfurt,0,0,4,0.6387,0.1472,0.16,0.29554687500000004,0.5874999999999999,0.11695312500000006,0.46070312500000005,0.4624999999999999,0.07679687500000004,0.7419354838709677,0.4838709677419355,10,11.0,10,13,2.273862433862434,3.374814814814815,0.18270905659652462,0.07815076228119706,0.17603466794643266,0.12184648684648683,1.94,4.06,3.86,1.91,4.22,3.85
Leverkusen,Dortmund,2,2,4,0.2583,0.2179,0.5166,0.353359375,0.1625000000000001,0.48414062499999994,0.17242187500000003,0.3375,0.4900781249999999,0.9354838709677419,1.032258064516129,6,2.0,4,2,2.6134054834054834,2.772962962962963,0.13441782847355602,0.1607034523210994,0.11498356581689916,0.10451181171769407,3.25,3.68,2.27,3.21,3.87,2.22
Mainz,Nurnberg,2,0,4,0.5901,0.2221,0.1853,0.25625000000000003,0.75,-0.006250000000000033,0.454296875,0.5875,-0.04179687500000001,0.8709677419354839,0.3870967741935484,7,15.0,7,17,2.5916402116402115,3.4594444444444443,0.1140640662961971,0.122280452319152,0.06944484259701651,0.11901957661548454,1.65,4.16,5.72,1.62,4.31,5.7
Wolfsburg,Freiburg,2,2,4,0.6662,0.194,0.1364,0.4028125,0.22499999999999998,0.3721875,0.4121875,0.42500000000000004,0.16281249999999997,1.032258064516129,0.41935483870967744,4,13.0,5,14,3.4282010582010582,3.0533333333333332,0.139647924028729,0.1066233766233766,0.11633138103726338,0.1079500746167413,1.45,5.09,7.52,1.39,5.82,7.85
Augsburg,Hamburg,3,1,4,0.4731,0.2181,0.2993,0.1925,0.7,0.10750000000000004,0.31218749999999995,0.775,-0.08718749999999997,0.7741935483870968,0.2903225806451613,9,17.0,8,16,3.2251587301587303,2.3570512820512817,0.08521060896447892,0.14244648597589776,0.13975653975653973,0.1304978208463677,1.88,3.78,4.48,1.76,4.23,4.63
Schalke 04,M'gladbach,0,1,4,0.6261,0.2142,0.1575,0.284140625,0.48750000000000004,0.22835937499999995,0.5125,0.30000000000000004,0.1875,1.1290322580645162,0.5161290322580645,2,11.0,3,7,3.2968759018759015,3.4484848484848487,0.13866145679226174,0.11640448045246805,0.07834896584896583,0.10054485572906625,1.98,3.84,3.94,2.14,3.64,3.61
Braunschweig,Augsburg,0,1,5,0.3024,0.2872,0.41,0.042578124999999994,0.6125,0.34492187499999993,0.31773437499999996,0.5375000000000001,0.14476562499999995,0.5454545454545454,0.5757575757575758,16,8.0,18,8,3.9529761904761904,3.8033482142857142,0.0829259235808948,0.10210451555023924,0.10379689754689754,0.11500790498752456,2.84,3.79,2.47,2.81,3.9,2.45
Dortmund,Hoffenheim,3,2,5,0.6992,0.1417,0.1261,0.45664062499999997,0.3375,0.205859375,0.416015625,0.4375,0.146484375,0.9696969696969697,0.5151515151515151,5,10.0,2,10,2.8425962925962924,3.381597222222222,0.10798929641300965,0.12719583048530417,0.1642765768588137,0.16521903341756283,1.37,5.98,8.18,1.27,7.63,9.92
Ein Frankfurt,Leverkusen,0,2,5,0.2485,0.2702,0.4806,0.10406249999999997,0.525,0.37093750000000003,0.275,0.44999999999999996,0.275,0.6060606060606061,0.7575757575757576,14,3.0,12,4,2.896651785714286,3.5833333333333335,0.11449879884477408,0.12776291690765373,0.12706468878343877,0.08807470568012027,4.44,4.26,1.79,4.48,4.42,1.75
Freiburg,Schalke 04,0,2,5,0.3091,0.2228,0.46,0.38757812500000005,0.4624999999999999,0.14992187500000004,0.497578125,0.36250000000000004,0.139921875,0.6666666666666666,0.696969696969697,11,4.0,13,4,3.1495535714285716,2.620486111111111,0.12214735191708877,0.1329588813963814,0.1341700884899414,0.10596399214820268,3.82,3.83,2.01,3.93,4.18,1.9
Hamburg,Bayern Munich,1,4,5,0.0155,0.0564,0.9102,0.004687500000000011,0.625,0.3703125,0.2575,0.35,0.3925,0.5454545454545454,1.2424242424242424,17,1.0,16,1,2.7979414682539683,2.7792103729603728,0.08139810664481717,0.1661794437210038,0.15658114728838413,0.061438041125541125,7.68,5.66,1.4,7.8,6.94,1.34
M'gladbach,Mainz,3,1,5,0.7078,0.1571,0.1217,0.3296874999999999,0.375,0.2953125000000001,0.38,0.55,0.06999999999999995,1.0,0.6060606060606061,4,8.0,6,7,2.561383928571429,2.8796875,0.1718783844509464,0.1259594572094572,0.0652460166682303,0.13175991937843717,1.88,3.9,4.28,1.83,4.17,4.26
Nurnberg,Hannover,0,2,5,0.3207,0.2599,0.4177,-0.10499999999999998,0.7,0.405,0.051250000000000004,0.65,0.29874999999999996,0.42424242424242425,0.30303030303030304,18,16.0,17,11,3.114732142857143,4.033482142857143,0.0915835033022533,0.09599679834054833,0.11613186405985318,0.14036374245594446,2.07,3.84,3.62,2.22,3.88,3.2
Stuttgart,Wolfsburg,1,2,5,0.3591,0.2267,0.4063,0.3209375,0.32499999999999996,0.35406250000000006,0.389765625,0.3375,0.272734375,0.5757575757575758,0.6363636363636364,15,6.0,15,6,4.021800595238096,2.88291742979243,0.13197505619380617,0.12053771409516212,0.1359498266933445,0.13395890261699084,2.86,3.81,2.46,2.78,3.88,2.49
Werder Bremen,Hertha,2,0,5,0.2089,0.2424,0.5471,0.202421875,0.5375,0.260078125,0.36,0.6,0.04000000000000001,0.6363636363636364,0.6060606060606061,13,7.0,14,9,2.883928571428571,3.25625,0.10111144338118022,0.1274621212121212,0.11721187926925154,0.12329819384047326,2.87,3.65,2.51,2.98,3.7,2.41
Augsburg,Ein Frankfurt,2,1,5,0.5508,0.2353,0.2118,0.442265625,0.5125,0.04523437500000002,0.34773437500000004,0.5125,0.139765625,0.8181818181818182,0.48484848484848486,8,11.0,8,13,3.211086309523809,3.3305555555555557,0.092384945904199,0.07326633963862225,0.13431122970596654,0.11423108141858142,1.56,4.61,6.21,1.44,5.47,6.89
Bayern Munich,Stuttgart,1,0,5,0.8191,0.0924,0.0539,0.3984375,0.375,0.2265625,0.3625,0.5,0.1375,1.303030303030303,0.3939393939393939,1,15.0,1,15,2.5815002705627705,3.2606398809523807,0.1549735439681092,0.13056616075917546,0.09252934565434566,0.1564472840111385,1.21,8.47,13.02,1.19,9.75,13.5
Hannover,Freiburg,3,2,5,0.4868,0.2578,0.2541,0.41562499999999997,0.375,0.20937500000000003,0.22499999999999992,0.55,0.22500000000000003,0.7878787878787878,0.42424242424242425,9,13.0,11,14,2.952455357142857,2.9785714285714286,0.09381189089513581,0.1095748001998002,0.12717083263958262,0.10663797756189061,2.02,3.93,3.72,1.85,4.3,4.06
Hertha,Dortmund,0,4,5,0.1592,0.2134,0.625,0.15695312499999997,0.36250000000000004,0.480546875,0.205859375,0.3375,0.45664062499999997,0.6363636363636364,1.0,13,2.0,10,2,2.9888099747474746,2.745486111111111,0.11347428613053613,0.15958805797960207,0.14342966061716061,0.1057923234853382,6.25,4.73,1.54,6.57,5.66,1.45
Hoffenheim,Braunschweig,3,1,5,0.7889,0.1216,0.0733,0.20679687500000002,0.7875,0.005703125000000003,0.4290625,0.575,-0.004062499999999997,0.7272727272727273,0.21212121212121213,10,18.0,11,18,2.356746031746032,4.775,0.17128974055924184,0.06465322871572872,0.1650325011997806,0.13023863243846795,1.76,4.45,4.42,1.6,4.87,5.23
Leverkusen,Werder Bremen,2,1,5,0.6589,0.1727,0.1548,0.40648437499999995,0.3375,0.256015625,0.28,0.6,0.12000000000000002,0.9090909090909091,0.45454545454545453,7,12.0,4,12,2.6500676406926407,2.8453125000000004,0.1338292141939588,0.13245452464202462,0.11672566438191438,0.11944127872831055,1.26,7.14,11.19,1.3,7.1,9.0
Mainz,Hamburg,3,2,5,0.6216,0.1997,0.1731,0.25625000000000003,0.75,-0.006250000000000033,0.52,0.6,-0.12000000000000005,0.9090909090909091,0.2727272727272727,8,17.0,8,16,2.6546626984126984,2.447235576923077,0.11387950659712925,0.13683305428661466,0.06510453993470297,0.13484170704346976,1.82,4.25,4.25,1.85,4.53,3.88
Schalke 04,Nurnberg,4,1,5,0.7354,0.1559,0.1009,0.34375,0.75,-0.09375,0.46374999999999994,0.65,-0.11374999999999996,1.0606060606060606,0.36363636363636365,3,16.0,4,17,3.2679044913419912,4.055729166666667,0.1299951157427454,0.114637924049205,0.07866048881673882,0.1185252975214612,1.29,6.6,11.0,1.35,6.29,8.51
Wolfsburg,M'gladbach,3,1,5,0.5125,0.2342,0.2501,0.390625,0.25,0.359375,0.344296875,0.36249999999999993,0.29320312500000006,1.0,0.5757575757575758,7,9.0,5,6,3.419295634920635,3.3579545454545454,0.1363547113856291,0.11433753375752215,0.11867605433781905,0.09426080224599961,1.89,4.14,4.0,1.74,4.34,4.68
