homeTeam,awayTeam,homeGoals,awayGoals,month,pHomeWin1,pDraw1,pAwayWin1,pHomeWin2,pDraw2,pAwayWin2,pHomeWin3,pDraw3,pAwayWin3,dPoints,dRank,dGlobalRank,dAccuracy,dEfficiency,dVulnerability,openningOddHome,openningOddDraw,openningOddAway,closingOddHome,closingOddDraw,closingOddAway
Juventus,Cagliari,3,0,8,nan,nan,nan,0.5,0.0,0.5,0.5,0.0,0.5,0.0,-19,-19,nan,nan,nan,1.16,8.29,24.44,1.13,9.74,27.7
Verona,Napoli,1,3,8,nan,nan,nan,0.5,0.0,0.5,0.5,0.0,0.5,0.0,-15,-15,nan,nan,nan,8.46,5.08,1.42,8.37,5.21,1.41
Atalanta,Roma,0,1,8,nan,nan,nan,0.5,0.0,0.5,0.5,0.0,0.5,0.0,-11,-10,nan,nan,nan,3.17,3.56,2.36,2.99,3.44,2.53
Bologna,Torino,1,1,8,nan,nan,nan,0.5,0.0,0.5,0.5,0.0,0.5,0.0,-15,-13,nan,nan,nan,3.29,3.42,2.36,3.35,3.47,2.31
Crotone,Milan,0,3,8,nan,nan,nan,0.5,0.0,0.5,0.5,0.0,0.5,0.0,-13,-10,nan,nan,nan,6.04,4.2,1.62,7.42,4.37,1.52
Inter,Fiorentina,3,0,8,nan,nan,nan,0.5,0.0,0.5,0.5,0.0,0.5,0.0,-12,-8,nan,nan,nan,1.57,4.42,6.33,1.48,4.65,7.7
Lazio,Spal,0,0,8,nan,nan,nan,0.5,0.0,0.5,0.5,0.0,0.5,0.0,-12,-8,nan,nan,nan,1.31,5.72,12.15,1.29,6.22,11.85
Sampdoria,Benevento,2,1,8,nan,nan,nan,0.5,0.0,0.5,0.5,0.0,0.5,0.0,-8,-3,nan,nan,nan,1.69,3.96,5.63,1.64,4.18,5.86
Sassuolo,Genoa,0,0,8,nan,nan,nan,0.5,0.0,0.5,0.5,0.0,0.5,0.0,-8,-3,nan,nan,nan,2.18,3.49,3.63,1.9,3.66,4.53
Udinese,Chievo,1,2,8,nan,nan,nan,0.5,0.0,0.5,0.5,0.0,0.5,0.0,-8,-2,nan,nan,nan,2.11,3.44,3.91,2.06,3.45,4.08
Benevento,Bologna,0,1,8,nan,nan,nan,0.5,0.0,0.5,0.5,0.0,0.5,0.0,0,10,nan,nan,nan,2.83,3.26,2.78,2.58,3.37,2.97
Genoa,Juventus,2,4,8,nan,nan,nan,0.5,0.0,0.5,0.5,0.0,0.5,0.0,3,9,nan,nan,nan,10.61,4.69,1.4,8.5,4.39,1.48
Roma,Inter,1,3,8,nan,nan,nan,0.5,0.0,0.5,0.5,0.0,0.5,0.0,0,2,nan,nan,nan,2.32,3.6,3.21,2.25,3.56,3.39
Chievo,Lazio,1,2,8,nan,nan,nan,0.5,0.0,0.5,0.5,0.0,0.5,0.0,0,-3,nan,nan,nan,3.65,3.4,2.21,4.15,3.56,2.01
Crotone,Verona,0,0,8,nan,nan,nan,0.5,0.0,0.5,0.5,0.0,0.5,0.0,-3,2,nan,nan,nan,2.55,3.22,3.15,2.85,3.25,2.76
Fiorentina,Sampdoria,1,2,8,nan,nan,nan,0.5,0.0,0.5,0.5,0.0,0.5,0.0,0,14,nan,nan,nan,1.88,3.73,4.54,1.68,4.33,5.12
Milan,Cagliari,2,1,8,nan,nan,nan,0.5,0.0,0.5,0.5,0.0,0.5,0.0,-4,-12,nan,nan,nan,1.25,6.76,14.02,1.35,5.52,10.12
Napoli,Atalanta,3,1,8,nan,nan,nan,0.5,0.0,0.5,0.5,0.0,0.5,0.0,3,-7,nan,nan,nan,1.42,5.0,8.49,1.35,5.57,10.02
Spal,Udinese,3,2,8,nan,nan,nan,0.5,0.0,0.5,0.5,0.0,0.5,0.0,1,-3,nan,nan,nan,2.5,3.22,3.23,2.51,3.38,3.08
Torino,Sassuolo,3,0,8,nan,nan,nan,0.5,0.0,0.5,0.5,0.0,0.5,0.0,3,2,nan,nan,nan,1.76,3.89,5.15,1.68,4.22,5.32
Juventus,Chievo,3,0,9,0.8911,0.1084,0.0,0.5449999999999999,0.30000000000000004,0.15499999999999997,0.5,0.0,0.5,0.0,-6,-10,-0.9047619047619051,-0.023529411764705882,-0.05555555555555555,1.19,7.4,22.64,1.26,6.14,15.3
Atalanta,Sassuolo,2,1,9,0.0,1.0,0.0,-0.04500000000000001,0.9,0.145,0.5,0.0,0.5,0.0,-3,2,-7.166666666666666,0.0,-0.047619047619047616,1.58,4.21,6.59,1.63,4.0,6.43
Benevento,Torino,0,1,9,0.0,0.4594,0.5406,-0.12000000000000005,0.6,0.52,0.5,0.0,0.5,-0.3333333333333333,2,9,0.0,-0.1111111111111111,-0.005494505494505503,4.62,3.89,1.83,4.11,3.61,2.0
Bologna,Napoli,0,3,9,0.0942,0.1653,0.7363,0.395,0.09999999999999998,0.505,0.5,0.0,0.5,-0.6666666666666667,-1,1,2.5,-0.059440559440559426,0.027777777777777776,9.63,5.22,1.38,8.87,5.28,1.39
Cagliari,Crotone,1,0,9,nan,nan,nan,-0.06375,0.85,0.21375000000000002,0.5,0.0,0.5,0.0,5,6,nan,nan,nan,1.69,3.87,5.83,1.61,4.16,6.25
Inter,Spal,2,0,9,0.0,1.0,0.0,0.505,0.09999999999999998,0.395,0.5,0.0,0.5,0.6666666666666667,-10,-5,-1.8333333333333335,0.1875,0.0,1.24,6.97,14.25,1.22,7.1,16.64
Lazio,Milan,4,1,9,0.0,1.0,0.0,0.395,0.09999999999999998,0.505,0.5,0.0,0.5,-0.6666666666666667,2,2,-0.13076923076923075,-0.15789473684210525,0.0,2.42,3.57,3.07,2.32,3.67,3.16
Udinese,Genoa,1,0,9,0.0,1.0,0.0,-0.04500000000000001,0.9,0.145,0.5,0.0,0.5,-0.3333333333333333,3,1,0.6000000000000001,0.05555555555555555,0.2,2.45,3.23,3.32,2.48,3.25,3.24
Verona,Fiorentina,0,5,9,0.8772,0.1225,0.0,0.21375000000000002,0.85,-0.06375,0.5,0.0,0.5,0.0,-4,-5,-2.0,0.08333333333333333,-0.051136363636363646,3.57,3.44,2.23,3.98,3.65,2.02
Crotone,Inter,0,2,9,0.0,0.0323,0.9589,-0.004640624999999954,0.4225,0.582140625,0.08875000000000002,0.35,0.56125,-0.8,8,15,1.375,-0.21428571428571427,0.023391812865497075,10.12,5.36,1.36,9.2,4.91,1.41
Fiorentina,Bologna,2,1,9,0.0,0.2173,0.7826,0.21999999999999997,0.56,0.21999999999999997,0.5,0.0,0.5,-1.0,15,6,-1.0,-0.031428571428571424,0.16666666666666666,1.56,4.4,6.68,1.57,4.35,6.49
Roma,Verona,3,0,9,0.0,1.0,0.0,0.242153125,0.7175,0.040346874999999977,0.5,0.0,0.5,-0.3333333333333333,7,-3,6.0,0.05555555555555555,0.21428571428571427,1.21,7.83,14.9,1.23,7.19,15.13
Chievo,Atalanta,1,1,9,0.5002,0.2074,0.2788,0.07315000000000003,0.6699999999999999,0.25685,0.5,0.0,0.5,0.0,5,2,-4.4,0.005494505494505503,-0.14615384615384613,3.01,3.29,2.6,2.97,3.31,2.62
Genoa,Lazio,2,3,9,0.0172,0.028,0.5939,-0.042212499999999986,0.505,0.5372125,0.5,0.0,0.5,-1.0,14,15,-1.333333333333333,0.06837606837606836,0.1583710407239819,3.96,3.68,2.02,4.04,3.71,1.99
Milan,Udinese,2,1,9,0.6977,0.0894,0.0774,0.2888875,0.505,0.20611249999999998,0.5,0.0,0.5,1.0,-9,-5,-0.6666666666666665,-0.04848484848484849,-0.22857142857142856,1.38,5.23,9.71,1.39,4.97,9.94
Napoli,Benevento,6,0,9,0.8494,0.0536,0.0258,0.6199874999999999,0.505,-0.12498749999999997,0.5,0.0,0.5,1.0,-9,-15,-0.07142857142857162,0.24444444444444444,-0.053571428571428575,1.13,10.76,23.39,1.1,12.0,31.0
Sassuolo,Juventus,1,3,9,0.0,1.0,0.0,-0.043999999999999984,0.44999999999999996,0.5940000000000001,0.5,0.0,0.5,-0.6666666666666667,11,14,2.2380952380952386,-0.23529411764705882,-0.2222222222222222,7.52,4.44,1.51,9.23,4.32,1.47
Spal,Cagliari,0,2,9,0.7973,0.0266,0.0114,0.21999999999999997,0.56,0.21999999999999997,0.625,0.5,-0.125,1.0,-9,-2,-0.5,0.2642857142857143,0.026916221033868093,2.43,3.45,3.15,2.43,3.35,3.23
Torino,Sampdoria,2,2,9,0.8812,0.1184,0.0,0.4382,0.06000000000000005,0.5018,0.5,0.0,0.5,0.0,5,-1,0.3999999999999999,0.047619047619047616,-0.04,1.78,4.01,4.81,1.72,4.2,5.0
Bologna,Inter,1,1,9,0.0051,0.0365,0.9413,0.0546875,0.375,0.5703125,0.020000000000000018,0.4,0.58,-1.0,12,10,1.3749999999999996,-0.21153846153846154,0.11601307189542483,5.96,4.25,1.62,6.14,4.05,1.64
Atalanta,Crotone,5,1,9,0.4866,0.5134,0.0,0.32000000000000006,0.7,-0.01999999999999999,0.28,0.19999999999999996,0.52,0.6,-10,-5,-1.833333333333333,0.1111111111111111,0.0376602564102564,1.36,5.05,11.46,1.36,5.13,11.4
Benevento,Roma,0,4,9,0.0,0.4768,0.5232,-0.11054999999999998,0.6699999999999999,0.44055000000000005,-0.125,0.5,0.625,-1.0,11,11,-3.0,-0.16666666666666666,0.06696428571428571,10.33,5.62,1.34,9.77,5.68,1.35
Cagliari,Sassuolo,0,1,9,0.8111,0.1889,0.0,0.4515625,0.625,-0.07656249999999998,0.625,0.5,-0.125,1.0,-5,-7,-4.166666666666666,0.04567307692307693,-0.21825396825396826,2.17,3.53,3.64,2.22,3.5,3.53
Genoa,Chievo,1,1,9,0.3821,0.1716,0.36,-0.026562500000000003,0.825,0.20156250000000003,-0.08000000000000004,0.8,0.28,-0.6,10,5,-3.291666666666667,0.2111111111111111,0.07320261437908498,2.3,3.34,3.51,2.33,3.29,3.49
Juventus,Fiorentina,1,0,9,0.9464,0.0498,0.0,0.51125,0.15000000000000002,0.33875,0.52,0.19999999999999996,0.28,0.6,-10,-8,-0.4107142857142856,0.06323529411764706,-0.09375,1.35,5.42,10.7,1.41,4.94,9.02
Lazio,Napoli,1,4,9,0.2195,0.3194,0.4611,0.47468750000000004,0.02499999999999991,0.5003125,0.395,0.09999999999999998,0.505,-0.3999999999999999,1,1,-0.38919413919413914,0.010249554367201402,-0.013888888888888888,3.53,3.8,2.11,3.47,3.72,2.16
Milan,Spal,2,0,9,0.7364,0.2636,0.0,0.40906250000000005,0.5249999999999999,0.06593750000000004,0.58,0.4,0.020000000000000018,1.0,-13,-9,-3.75,0.11428571428571428,0.10808270676691728,1.26,6.45,13.08,1.25,6.62,15.12
Udinese,Torino,2,3,9,0.1515,0.4313,0.4171,0.0965625,0.475,0.4284375,0.2849999999999999,0.30000000000000004,0.41500000000000004,-0.20000000000000007,1,9,0.36666666666666714,-0.023313492063492064,0.06153846153846154,2.94,3.42,2.59,3.26,3.77,2.23
Verona,Sampdoria,0,0,9,0.0033,0.0114,0.7856,-0.0446375,0.565,0.47963750000000005,-0.11374999999999996,0.65,0.46374999999999994,-0.8,12,9,2.7,-0.1325757575757576,0.09625874125874125,3.66,3.64,2.12,3.78,3.51,2.12
Juventus,Torino,4,0,9,0.7956,0.2043,0.0,0.503828125,0.08750000000000002,0.40867187499999996,0.49678750000000005,0.06499999999999995,0.4382125,0.2857142857142858,-2,-4,0.4289682539682542,0.018474526562761828,-0.0673076923076923,1.42,5.11,8.46,1.43,4.69,9.23
Roma,Udinese,3,1,9,0.6559,0.1342,0.1402,0.47500000000000003,0.5,0.024999999999999967,0.405,0.7,-0.10499999999999998,0.6,-9,-9,1.666666666666667,-0.13813131313131313,-0.09047619047619047,1.28,6.36,12.69,1.24,6.99,14.65
Spal,Napoli,2,3,9,0.0137,0.0337,0.8483,0.020000000000000018,0.4,0.58,0.15501250000000005,0.30499999999999994,0.5399875000000001,-0.6857142857142858,11,13,1.3142135642135642,-0.03270944741532977,0.07070707070707072,15.0,6.95,1.24,14.64,7.01,1.24
Cagliari,Chievo,0,2,9,0.3149,0.4909,0.1941,0.236015625,0.5875,0.17648437499999997,0.19420000000000004,0.58,0.2258,0.02857142857142858,5,-2,0.08531746031746046,-0.049038461538461545,-0.07977392977392977,2.28,3.43,3.46,2.35,3.25,3.48
Crotone,Benevento,2,0,9,0.0,0.5478,0.4522,0.05554687499999999,0.9625,-0.01804687500000001,0.120346875,0.9175,-0.03784687499999999,0.14285714285714285,-4,-1,1.7976190476190477,-0.027777777777777776,-0.025741436925647454,2.03,3.46,4.21,2.1,3.32,4.14
Fiorentina,Atalanta,1,1,9,0.5669,0.22,0.2093,0.204765625,0.4625,0.33273437499999997,0.34124999999999994,0.55,0.10874999999999999,0.39999999999999997,-3,1,-1.333333333333333,0.005714285714285713,-0.016666666666666663,2.31,3.49,3.33,2.38,3.49,3.2
Inter,Genoa,1,0,9,0.5518,0.4482,0.0,0.5021875,0.475,0.02281250000000004,0.58,0.4,0.020000000000000018,1.0,-12,-16,-1.8095238095238093,0.14638157894736842,-0.03571428571428571,1.29,6.08,12.86,1.35,5.38,11.04
Sampdoria,Milan,2,0,9,0.6007,0.179,0.1986,0.31468750000000006,0.2749999999999999,0.4103125,0.5449999999999999,0.30000000000000004,0.15499999999999997,0.4,-1,4,0.21666666666666634,0.018274853801169597,-0.1111111111111111,3.87,3.75,2.02,3.79,3.72,2.05
Sassuolo,Bologna,0,1,9,0.1091,0.3386,0.5522,0.175,0.65,0.175,0.06500000000000002,0.7,0.23500000000000004,-0.39999999999999997,8,2,0.7083333333333335,-0.08058608058608058,0.03571428571428571,2.12,3.41,3.91,2.1,3.32,4.13
Verona,Lazio,0,3,9,0.0043,0.0191,0.8992,0.05273437499999997,0.5625,0.384765625,0.03394999999999998,0.39,0.57605,-1.0571428571428572,9,10,0.4444444444444451,-0.13247863247863245,-0.10967365967365969,6.3,4.29,1.59,6.11,4.37,1.6
Genoa,Bologna,0,1,9,0.1321,0.2034,0.6624,-0.005000000000000032,0.675,0.32999999999999996,0.04839999999999994,0.56,0.3916,-0.7142857142857142,11,9,0.4166666666666665,0.1166786916786917,0.10720121381886089,2.43,3.28,3.3,2.25,3.25,3.74
Udinese,Sampdoria,4,0,9,0.2041,0.2438,0.5507,-0.008984375000000017,0.5375000000000001,0.47148437499999996,0.12839062500000004,0.5325,0.339109375,-0.28571428571428575,3,9,0.3555555555555556,-0.03216690716690718,0.07897435897435899,2.82,3.31,2.75,2.6,3.44,2.99
Atalanta,Juventus,2,2,10,0.3271,0.1762,0.4276,0.3096875,0.17500000000000004,0.5153125,0.3783875,0.11499999999999999,0.5066125,-0.34285714285714286,-3,9,-0.17893217893217894,-0.03166822284469342,-0.025564713064713057,5.5,3.73,1.75,5.08,3.52,1.85
Benevento,Inter,1,2,10,0.0,0.0474,0.9484,-0.123046875,0.5625,0.560546875,-0.11838749999999998,0.615,0.5033875,-1.0,15,17,0.48333333333333295,-0.196969696969697,0.0658068783068783,11.86,6.24,1.29,10.78,5.91,1.32
Chievo,Fiorentina,2,1,10,0.1705,0.2178,0.6092,0.26554687499999996,0.48750000000000004,0.24695312499999997,0.14486249999999995,0.685,0.1701375,-0.22857142857142854,8,-1,0.8416666666666663,-0.011538461538461539,0.03664529914529914,2.88,3.28,2.71,2.99,3.39,2.56
Lazio,Sassuolo,6,1,10,0.6115,0.221,0.1655,0.4375,0.5,0.0625,0.21999999999999997,0.56,0.21999999999999997,0.14285714285714285,0,-12,-3.894383394383394,0.14980158730158727,-0.048552754435107384,1.46,4.94,7.5,1.53,4.5,6.93
Milan,Roma,0,2,10,0.0,0.2806,0.7194,0.25250000000000006,0.29999999999999993,0.4475,0.49498749999999997,0.0050000000000000044,0.5000125,0.08571428571428585,-5,1,-1.5476190476190474,-0.06904761904761902,0.10714285714285714,2.73,3.56,2.68,2.68,3.62,2.7
Napoli,Cagliari,3,0,10,0.8792,0.0182,0.0046,0.5528125,0.32499999999999996,0.12218750000000003,0.5392,0.28,0.18079999999999996,0.7714285714285714,-4,-11,-1.0079365079365075,0.17669552669552663,-0.06755368814192345,1.14,10.55,21.97,1.14,10.73,21.65
Spal,Crotone,1,1,10,0.807,0.1018,0.0617,0.0015625000000000083,0.775,0.22343749999999996,0.15894999999999998,0.89,-0.04895000000000001,0.42857142857142855,-4,2,0.21666666666666634,0.13968253968253969,-0.04820179820179818,1.95,3.46,4.52,1.93,3.43,4.76
Torino,Verona,2,2,10,0.9179,0.081,0.0,0.365078125,0.6125,0.02242187499999998,0.41874999999999996,0.55,0.03125,0.6000000000000001,-1,-8,-0.43333333333333357,0.18406593406593408,0.04090909090909091,1.33,5.81,10.48,1.29,6.2,11.88
Juventus,Lazio,1,2,10,0.8273,0.1726,0.0,0.42718749999999994,0.17500000000000004,0.3978125,0.5000125,0.0050000000000000044,0.49498749999999997,0.04761904761904745,-3,-2,-0.5248015873015865,-0.031741698909218075,-0.158974358974359,1.56,4.43,6.55,1.58,4.2,6.67
Roma,Napoli,0,1,10,0.1342,0.1362,0.6752,0.44875,0.050000000000000044,0.50125,0.3783875,0.11499999999999999,0.5066125,-0.47619047619047616,7,4,1.860660173160173,-0.06533896386837562,-0.07142857142857142,3.15,3.61,2.35,3.32,3.74,2.22
Bologna,Spal,2,1,10,0.4395,0.5605,0.0,0.3999999999999999,0.6000000000000001,0.0,0.2079,0.78,0.012099999999999972,0.14285714285714285,-2,-8,-0.6666666666666665,0.04945054945054945,0.057742544120253106,1.81,3.5,5.56,2.04,3.28,4.44
Cagliari,Genoa,2,3,10,0.1348,0.8652,0.0,0.1559375,0.825,0.019062500000000024,0.1329625,0.835,0.03203750000000002,0.2857142857142857,-1,-5,0.6388888888888893,0.025641025641025644,0.017857142857142863,2.37,3.33,3.35,2.53,3.22,3.19
Crotone,Torino,2,2,10,0.1787,0.3118,0.5094,0.18320312500000002,0.5375,0.279296875,0.2440625,0.475,0.2809375,-0.33333333333333337,4,7,0.05208333333333348,-0.07168332076420311,0.01694322553876329,4.07,3.54,2.03,3.54,3.36,2.27
Fiorentina,Udinese,2,1,10,0.5822,0.1939,0.2111,0.18367187499999996,0.6125,0.203828125,0.37468750000000006,0.725,-0.09968750000000001,0.5714285714285714,-5,-2,0.844444444444445,-0.07346320346320347,-0.055357142857142855,1.66,4.09,5.79,1.62,4.25,6.0
Inter,Milan,3,2,10,0.9246,0.0739,0.0,0.5015624999999999,0.375,0.12343750000000003,0.5710375,0.395,0.03396250000000001,0.8571428571428572,-11,-5,0.8269841269841269,0.05024714564188247,-0.16666666666666666,2.21,3.54,3.5,2.29,3.24,3.64
Sampdoria,Atalanta,3,1,10,0.7904,0.1567,0.0516,0.24960937500000002,0.4125,0.337890625,0.5472781250000001,0.3075,0.145221875,0.9142857142857143,-8,-3,-1.1222222222222227,0.06785714285714284,-0.12777777777777777,2.92,3.41,2.6,3.37,3.36,2.35
Sassuolo,Chievo,0,0,10,0.0791,0.297,0.6238,0.029453125000000024,0.5375,0.433046875,-0.02870000000000003,0.62,0.40870000000000006,-0.6349206349206349,10,8,-0.751984126984127,-0.07123397435897436,0.026479076479076477,2.35,3.44,3.29,2.25,3.31,3.65
Verona,Benevento,1,0,10,0.2426,0.4143,0.343,0.1796875,0.875,-0.0546875,0.10968749999999998,0.925,-0.034687500000000024,0.1111111111111111,-2,-1,0.6845238095238102,0.0023148148148148147,0.00413448207565853,1.95,3.6,4.35,1.89,3.75,4.43
Napoli,Inter,0,0,10,0.7113,0.1986,0.0891,0.500703125,0.03749999999999998,0.461796875,0.4978,0.07999999999999996,0.4222,0.17460317460317465,2,-1,0.14186507936507953,0.043619528619528586,-0.030663780663780664,1.63,4.49,5.44,1.49,4.89,6.99
Sampdoria,Crotone,5,0,10,0.912,0.057,0.0149,0.32937500000000003,0.44999999999999996,0.22062500000000002,0.5710375,0.395,0.03396250000000001,1.142857142857143,-13,-7,-0.6373015873015877,0.11487123987123986,-0.1299049534343652,1.56,4.32,6.86,1.54,4.34,7.04
Atalanta,Bologna,1,0,10,0.2561,0.3384,0.4055,0.17500000000000004,0.375,0.44999999999999996,0.34375,0.25,0.40625,-0.2222222222222222,2,5,-0.39015151515151514,0.09424603174603173,0.08854166666666667,1.63,4.11,6.0,1.61,4.06,6.53
Benevento,Fiorentina,0,3,10,0.0261,0.1246,0.8479,-0.09375,0.75,0.34375,-0.04500000000000001,0.9,0.145,-0.3333333333333333,8,8,0.5499999999999998,-0.05113636363636364,-0.002341408591408592,5.88,4.18,1.64,6.19,4.77,1.54
Chievo,Verona,3,2,10,0.5384,0.276,0.1853,0.384296875,0.38749999999999996,0.22820312500000003,0.339109375,0.5325,0.12839062500000004,0.2857142857142857,0,-2,-0.7801587301587305,0.0658119658119658,0.01087801087801088,1.88,3.57,4.75,2.15,3.39,3.83
Lazio,Cagliari,3,0,10,0.8158,0.0952,0.0561,0.5234375,0.5249999999999999,-0.04843749999999997,0.37093750000000003,0.525,0.10406249999999997,0.4444444444444445,-7,-12,-0.6227106227106225,0.15070346320346317,-0.003488562091503278,1.29,6.28,11.97,1.26,6.93,12.35
Milan,Genoa,0,0,10,0.4262,0.3545,0.2193,0.103515625,0.6875,0.208984375,0.31781250000000005,0.475,0.20718749999999997,0.5555555555555556,-4,-6,0.2218614718614722,0.04047619047619048,0.048430735930735935,1.53,4.58,6.73,1.65,4.04,6.06
Spal,Sassuolo,0,1,10,0.6664,0.1686,0.15,0.028046875000000013,0.7875,0.184453125,0.15000000000000005,0.7,0.15,0.1111111111111111,4,1,-1.399999999999999,0.10830707282913166,-0.03145465645465645,2.69,3.27,2.92,3.0,3.53,2.48
Torino,Roma,0,1,10,0.0,0.0886,0.9104,0.21429687499999994,0.4125000000000001,0.37320312499999997,0.283009375,0.2025,0.514490625,-0.5714285714285715,9,5,-0.43333333333333357,-0.0013875013875013498,0.09393939393939395,3.73,3.86,2.02,3.92,3.84,1.98
Udinese,Juventus,2,6,10,0.2545,0.1677,0.5089,0.077265625,0.5875,0.335234375,0.28661250000000005,0.31499999999999995,0.3983875,-0.33333333333333337,2,12,0.5484126984126982,-0.06186391223155929,-0.08726088726088724,9.55,4.51,1.44,9.47,4.85,1.41
Inter,Sampdoria,3,2,10,0.8386,0.1201,0.0382,0.4028125,0.22499999999999998,0.3721875,0.5528125,0.32499999999999996,0.12218750000000003,0.7777777777777777,-9,-4,-1.1547619047619047,0.05392672020961495,-0.09131868131868132,1.48,4.9,7.05,1.45,4.9,7.91
Atalanta,Verona,3,0,10,0.7554,0.1493,0.0883,0.309921875,0.5125,0.17757812500000003,0.461171875,0.5125000000000001,0.026328124999999952,0.6868686868686869,-11,-2,0.1569264069264067,0.11256132756132756,-0.0013528138528138417,1.35,5.42,10.55,1.31,5.96,11.41
Bologna,Lazio,1,2,10,0.0574,0.1181,0.815,0.3109375,0.2250000000000001,0.46406249999999993,0.28,0.19999999999999996,0.52,-0.7777777777777777,10,5,1.6916666666666669,-0.11982600732600732,-0.0027826748414983837,5.36,3.89,1.74,4.85,3.81,1.81
Cagliari,Benevento,2,1,10,0.6367,0.2846,0.0787,0.0,1.0,0.0,0.07375000000000002,0.95,-0.02374999999999998,0.3333333333333333,-3,-2,-0.735119047619047,0.04700854700854701,-0.04467427996839764,1.52,4.6,6.94,1.7,4.12,5.43
Chievo,Milan,1,4,10,0.5359,0.1862,0.2495,0.47898437499999996,0.4625,0.058515625000000016,0.49625,0.55,-0.04625000000000007,0.4444444444444445,-5,-3,0.7166666666666663,0.031277786540944444,-0.05472027972027971,3.62,3.38,2.23,3.54,3.41,2.25
Fiorentina,Torino,3,0,10,0.4663,0.2355,0.294,0.351875,0.525,0.123125,0.3925,0.35,0.2575,0.0505050505050505,1,-1,0.16666666666666652,0.00925213675213675,0.010596664808621328,1.94,3.91,4.01,1.75,4.08,5.03
Genoa,Napoli,2,3,10,0.0127,0.0328,0.8569,0.18999999999999995,0.3500000000000001,0.45999999999999996,-0.015312500000000007,0.42500000000000004,0.5903125,-1.2525252525252524,17,15,1.035551948051948,0.027585731262201874,0.014031862745098045,9.3,5.12,1.39,8.57,5.2,1.41
Juventus,Spal,4,1,10,0.8812,0.1101,0.008,0.41093749999999996,0.625,-0.03593749999999998,0.4515625,0.625,-0.07656249999999998,0.9797979797979797,-15,-15,-1.4742857142857142,0.10214021840620306,-0.04703007518796993,1.13,10.08,24.93,1.12,10.03,31.23
Roma,Crotone,1,0,10,0.885,0.0728,0.0256,0.416015625,0.4375,0.146484375,0.30906249999999996,0.675,0.015937499999999993,0.5555555555555556,-6,-11,0.7749999999999999,0.025610500610500603,-0.24450212777418665,1.18,8.3,18.0,1.18,8.12,19.46
Sassuolo,Udinese,0,1,10,0.1517,0.3687,0.4795,0.31429687500000003,0.6375,0.04820312500000001,0.1796875,0.875,-0.0546875,0.2222222222222222,-1,-3,0.6541666666666672,-0.1378309190809191,-0.09411630036630036,2.0,3.53,4.22,1.88,3.63,4.67
Milan,Juventus,0,2,10,0.2122,0.1969,0.5796,0.18062499999999998,0.42500000000000004,0.394375,0.2828125,0.2749999999999999,0.44218750000000007,-0.2020202020202021,2,5,1.0785714285714292,-0.1933152876535229,-0.09102009102009101,4.42,3.59,1.94,4.23,3.63,1.96
Roma,Bologna,1,0,10,0.2898,0.4185,0.2917,0.43281250000000004,0.375,0.19218749999999998,0.33499999999999996,0.4,0.265,0.0,3,-6,2.15,-0.02317460317460318,0.031071428571428576,1.27,6.43,12.41,1.33,5.64,10.81
Benevento,Lazio,1,5,10,0.0028,0.0252,0.9463,-0.125,0.5,0.625,-0.125,0.5,0.625,-1.3636363636363635,18,16,1.4600000000000004,-0.16449217449217446,-0.00914724164724165,13.66,6.14,1.28,10.23,6.06,1.32
Crotone,Fiorentina,2,1,10,0.1098,0.2048,0.6841,0.07679687500000004,0.4624999999999999,0.46070312500000005,0.24085937499999996,0.5375000000000001,0.22164062499999995,-0.09090909090909088,4,10,0.3999999999999999,-0.033974195738901605,0.02283352612299981,5.6,3.95,1.7,5.71,4.12,1.66
Napoli,Sassuolo,3,1,10,0.941,0.0227,0.0029,0.48835937500000004,0.38749999999999996,0.12414062500000003,0.42625,0.35,0.22375,0.5656565656565657,0,-13,-1.7511904761904757,0.09210317460317459,-0.12398989898989898,1.16,9.9,18.0,1.15,10.0,20.5
Sampdoria,Chievo,4,1,10,0.7447,0.1898,0.0649,0.2696875,0.42500000000000004,0.30531249999999993,0.52,0.19999999999999996,0.28,0.606060606060606,-2,-4,-2.2142857142857153,0.27193181818181816,-0.0434992784992785,1.87,3.64,4.77,2.18,3.49,3.64
Spal,Genoa,1,0,10,0.25,0.3748,0.3752,-0.012500000000000025,0.8,0.21249999999999997,0.07523437499999996,0.6625000000000001,0.26226562499999995,-0.09090909090909088,4,1,-0.047272727272727355,0.10509803921568628,0.07144522144522145,3.16,3.14,2.59,3.12,3.17,2.6
Torino,Cagliari,2,1,10,0.7837,0.1451,0.0672,0.06367187500000002,0.7625,0.17382812500000003,0.20218750000000002,0.725,0.07281250000000002,0.2828282828282829,1,-3,-0.029999999999999805,0.08305028305028304,-0.05988123885918001,1.65,4.44,5.25,1.58,4.5,6.06
Udinese,Atalanta,2,1,10,0.5468,0.1844,0.2404,0.20039062499999996,0.4375,0.36210937500000007,0.22531249999999997,0.675,0.09968749999999997,0.3232323232323232,-3,4,-0.6520346320346326,0.06970689033189034,-0.006386946386946368,3.83,3.59,2.08,3.94,3.55,2.07
Verona,Inter,1,2,10,0.0117,0.0867,0.8991,0.07374999999999998,0.42500000000000004,0.50125,0.16281249999999997,0.42500000000000004,0.4121875,-0.6363636363636364,12,14,0.9547619047619049,-0.10431235431235433,0.08369408369408368,8.86,5.25,1.4,9.2,5.4,1.38
Bologna,Crotone,2,3,11,0.6553,0.238,0.1063,0.09601562500000001,0.6625,0.24148437500000003,0.25625000000000003,0.75,-0.006250000000000033,0.36363636363636365,-2,-2,1.236666666666666,0.04285714285714286,-0.14240354416825013,1.79,3.5,5.7,1.78,3.56,5.67
Genoa,Sampdoria,0,2,11,0.3093,0.2044,0.4675,0.07,0.55,0.37999999999999995,0.014453124999999997,0.8125,0.173046875,-0.36363636363636365,7,13,-1.2857142857142856,0.09673881673881674,0.03236854012860203,2.96,3.25,2.67,2.58,3.32,3.02
Atalanta,Spal,1,1,11,0.8844,0.0924,0.0196,0.27156250000000004,0.575,0.1534375,0.5615625,0.525,-0.08656249999999993,0.9090909090909091,-15,-7,-0.2958152958152964,0.1123475960432482,-0.036786758563074354,1.34,5.63,10.67,1.41,4.94,9.33
Cagliari,Verona,2,1,11,0.498,0.2763,0.2253,0.1346875,0.775,0.09031249999999999,0.24531250000000002,0.725,0.029687500000000006,0.3636363636363636,-2,-2,0.19142857142857128,0.023123543123543124,-0.011851747286529893,1.9,3.67,4.53,1.83,3.77,4.76
Chievo,Napoli,0,0,11,0.0405,0.0678,0.81,0.139921875,0.36250000000000004,0.497578125,0.234296875,0.23750000000000004,0.528203125,-0.7482517482517482,12,10,0.6215512265512264,-0.0429145746754106,-0.015447558976970727,8.34,5.01,1.43,7.74,4.92,1.45
Fiorentina,Roma,2,4,11,0.0,0.2276,0.7723,0.2828125,0.2749999999999999,0.44218750000000007,0.395,0.09999999999999998,0.505,-0.4242424242424242,3,4,-0.44642857142857206,-0.02302460039960036,0.10416666666666666,3.15,3.65,2.33,3.32,3.75,2.22
Inter,Torino,1,1,11,0.8208,0.1097,0.0558,0.4900781249999999,0.3375,0.17242187500000003,0.548828125,0.3125,0.138671875,0.7482517482517481,-7,-9,-0.027976190476190155,0.054568606344922124,-0.08062877138964093,1.51,4.74,6.75,1.63,4.33,5.74
Juventus,Benevento,2,1,11,0.938,0.0196,0.0024,0.52,0.6,-0.12000000000000005,0.4921875,0.625,-0.1171875,1.1538461538461537,-18,-17,-1.556746031746031,0.12321208676707399,-0.07801659125188537,1.06,19.0,41.0,1.06,17.0,50.0
Sassuolo,Milan,0,2,11,0.06,0.2493,0.6906,0.12460937500000002,0.6875,0.18789062499999998,0.047421874999999974,0.7125,0.240078125,-0.3636363636363636,6,6,1.2199999999999998,-0.0934118856719476,-0.06936507936507935,3.64,3.56,2.15,4.27,3.76,1.92
Napoli,Milan,2,1,11,0.8545,0.0908,0.0393,0.40375000000000005,0.32499999999999996,0.27125,0.460859375,0.2875,0.251640625,0.4895104895104896,-2,-6,0.7551587301587301,0.03704809283137457,-0.0958994708994709,1.48,4.87,7.11,1.47,4.87,7.47
Roma,Lazio,2,1,11,0.2055,0.2358,0.5568,0.44875,0.050000000000000044,0.50125,0.395,0.09999999999999998,0.505,-0.46153846153846145,4,1,1.4194444444444447,-0.14852462352462353,-0.06329217809480966,2.27,3.56,3.36,2.24,3.64,3.3
Benevento,Sassuolo,1,2,11,0.107,0.2346,0.658,-0.04500000000000001,0.9,0.145,-0.08000000000000004,0.8,0.28,-0.46153846153846156,9,3,-0.9388888888888891,-0.05395353915090756,0.03694106819106818,3.63,3.53,2.17,3.2,3.46,2.39
Crotone,Genoa,0,1,11,0.2819,0.4598,0.2583,0.365078125,0.6125,0.02242187499999998,0.38125,0.5,0.11875,0.23076923076923078,-1,-6,-1.2393939393939397,0.059170132699544464,0.024214949137549763,3.13,3.27,2.53,3.26,3.18,2.51
Inter,Atalanta,2,0,11,0.8106,0.1229,0.0586,0.412421875,0.36250000000000004,0.22507812499999996,0.507265625,0.48750000000000004,0.005234374999999958,1.048951048951049,-16,-6,-0.6416594516594523,0.03831766917293235,-0.13756132756132755,1.75,3.95,5.14,1.91,3.49,4.81
Sampdoria,Juventus,3,2,11,0.6244,0.1632,0.1784,0.39625000000000005,0.15000000000000002,0.45374999999999993,0.50125,0.050000000000000044,0.44875,0.18181818181818166,-1,3,-0.2061904761904767,0.08121068474009652,-0.1173160173160173,5.96,4.27,1.62,6.84,4.09,1.59
Spal,Fiorentina,1,1,11,0.1979,0.2253,0.5741,0.19281250000000003,0.575,0.23218750000000002,0.2078125,0.625,0.1671875,0.07692307692307687,2,7,0.2611111111111106,0.04440836940836938,0.010042041292041295,4.23,3.64,1.96,4.13,3.61,2.0
Torino,Chievo,1,1,11,0.5676,0.2378,0.1931,0.23999999999999994,0.6000000000000001,0.15999999999999998,0.309921875,0.5125,0.17757812500000003,0.11188811188811187,3,-2,-1.4242857142857148,0.05060849238480816,-0.00475348725348726,1.83,3.84,4.66,1.77,3.91,5.04
Udinese,Cagliari,0,1,11,0.7292,0.1478,0.1084,0.34093749999999995,0.42500000000000004,0.2340625,0.37031250000000004,0.625,0.004687499999999983,0.4615384615384615,-6,-1,0.21825396825396837,0.09834656084656083,0.03334962595024518,2.01,3.57,4.12,2.01,3.6,4.09
Verona,Bologna,2,3,11,0.0734,0.3415,0.5851,0.04999999999999999,0.9,0.04999999999999999,0.15835937500000002,0.6625,0.179140625,-0.3846153846153846,11,6,1.7777777777777781,-0.037973137973137984,0.08241448094389273,3.09,3.25,2.57,3.43,3.26,2.37
Bologna,Sampdoria,3,0,11,0.2635,0.2303,0.5019,0.09156250000000005,0.42499999999999993,0.4834375,0.113125,0.65,0.23687499999999997,-0.23076923076923078,5,3,0.18888888888888866,-0.02159507159507161,0.06311537590949354,2.62,3.43,2.84,2.5,3.34,3.11
Cagliari,Inter,1,3,11,0.1087,0.2352,0.6557,0.34257812499999996,0.23750000000000004,0.419921875,0.2546875,0.32499999999999996,0.42031250000000003,-0.3846153846153846,8,11,0.005423280423280552,-0.051853375382787156,0.04457070707070706,5.46,4.16,1.68,5.48,4.1,1.68
Chievo,Spal,2,1,11,0.6056,0.25,0.1439,0.17312500000000003,0.575,0.251875,0.3400000000000001,0.6499999999999999,0.010000000000000037,0.46153846153846156,-4,-7,-1.0666666666666669,0.024079624079624065,0.0011969311504915342,1.92,3.57,4.59,1.78,3.65,5.49
Sassuolo,Verona,0,2,11,0.1093,0.4534,0.4373,0.28,0.8,-0.08000000000000004,0.05570312500000001,0.9125,0.03179687500000001,0.0,1,-3,0.4960317460317456,-0.052667702667702675,-0.0028718865675387284,1.68,4.15,5.43,1.7,4.08,5.3
Genoa,Roma,1,1,11,0.0072,0.032,0.9237,0.12218750000000003,0.32499999999999996,0.5528125,-0.069453125,0.4625,0.606953125,-1.2867132867132867,15,15,0.28523809523809396,0.008086820586820614,0.13486228382900212,5.07,4.01,1.74,5.26,3.9,1.74
Juventus,Crotone,3,0,11,0.9169,0.0345,0.0088,0.37656249999999997,0.42500000000000004,0.1984375,0.443828125,0.4125,0.14367187499999998,0.8923076923076922,-14,-11,0.1263038548752835,0.05813376260946597,-0.1515926883573943,1.16,8.85,22.0,1.16,8.4,28.0
Lazio,Fiorentina,1,1,11,0.5717,0.1946,0.2198,0.38375,0.44999999999999996,0.16625000000000006,0.42000000000000004,0.44999999999999996,0.13000000000000003,0.4424242424242424,-5,-6,-1.3505494505494506,0.14284586561897483,-0.023880752767307403,1.66,4.41,5.21,1.74,4.07,5.07
Milan,Torino,0,0,11,0.4418,0.2984,0.2595,0.22164062500000004,0.5375,0.240859375,0.19148437500000004,0.6375,0.171015625,0.1692307692307693,0,-2,0.742063492063493,-0.03702032094889236,-0.00023969589186979834,1.75,4.14,4.86,1.79,3.92,4.91
Udinese,Napoli,0,1,11,0.0686,0.1069,0.7939,0.191015625,0.36250000000000004,0.44648437499999993,0.15781250000000002,0.375,0.4671875,-0.6666666666666666,10,13,0.18840445269016692,0.010686148462574846,0.02373103087388803,9.08,5.51,1.37,10.69,5.69,1.33
Atalanta,Benevento,1,0,11,0.9062,0.0656,0.0168,0.263671875,0.8125,-0.076171875,0.5061718749999999,0.6125,-0.11867187500000004,0.9333333333333333,-14,-8,-0.49165120593692047,0.08189884649511979,-0.04429501663395223,1.23,6.76,16.24,1.21,7.1,18.93
Napoli,Juventus,0,1,12,0.7203,0.1357,0.1128,0.4565625,0.17500000000000004,0.3684375,0.466328125,0.23750000000000004,0.296171875,0.23076923076923084,0,-2,0.12037037037037113,-0.08016613933022598,-0.13777657527657525,2.15,3.39,3.83,2.2,3.18,3.99
Roma,Spal,3,1,12,0.7476,0.1887,0.0631,0.47101562500000005,0.38749999999999996,0.14148437500000002,0.517890625,0.5125,-0.030390625000000004,0.8666666666666667,-13,-14,0.29557823129251615,0.013146773861059585,-0.06347863706886261,1.25,7.04,13.17,1.25,6.5,15.2
Torino,Atalanta,1,1,12,0.7012,0.1829,0.1127,0.26554687499999996,0.48750000000000004,0.24695312499999997,0.32999999999999996,0.675,-0.005000000000000032,0.5384615384615384,-6,1,-1.4626262626262632,0.04471475162264635,-0.11743326118326118,2.48,3.51,3.02,2.7,3.52,2.73
Benevento,Milan,2,2,12,0.0207,0.0598,0.8942,-0.08718749999999997,0.7749999999999999,0.31218750000000006,-0.0871875,0.775,0.31218749999999995,-0.6,10,10,1.5214285714285718,-0.07761413975478548,0.03478406514120802,9.18,5.3,1.38,10.67,5.64,1.34
Bologna,Cagliari,1,1,12,0.5821,0.2345,0.182,0.275,0.44999999999999996,0.275,0.26375,0.55,0.18624999999999997,0.1333333333333333,0,-4,1.1809523809523812,0.05152704438418723,0.018448285215202517,2.06,3.47,4.07,2.21,3.32,3.75
Fiorentina,Sassuolo,3,0,12,0.67,0.1686,0.1472,0.208984375,0.6875,0.103515625,0.314921875,0.38749999999999996,0.297578125,0.1692307692307693,1,-4,-1.964285714285714,0.03698456305599164,-0.010240255775970084,1.58,4.41,6.15,1.63,4.2,5.91
Inter,Chievo,5,0,12,0.7196,0.1894,0.0897,0.4769531249999999,0.2875000000000001,0.235546875,0.473359375,0.3374999999999999,0.1891406250000001,0.6666666666666666,-8,-8,-1.1292517006802725,0.06306218843812829,-0.03728585533096812,1.41,5.17,8.65,1.42,4.85,9.12
Sampdoria,Lazio,1,2,12,0.5278,0.1936,0.257,0.3,0.4,0.3,0.51125,0.15000000000000002,0.33875,0.18461538461538463,1,1,-1.3269841269841267,0.13104455068740783,-0.07429233951790343,3.67,3.71,2.09,3.88,3.85,1.99
Crotone,Udinese,0,3,12,0.3371,0.2842,0.3781,0.175,0.65,0.175,0.28,0.6,0.12,0.2606060606060606,-3,-1,-0.3076190476190477,-0.0761225702402173,-0.04348294783500445,2.98,3.06,2.8,3.35,3.26,2.41
Verona,Genoa,0,1,12,0.1194,0.3584,0.5222,0.13374999999999998,0.65,0.21625,0.07999999999999999,0.6,0.32000000000000006,-0.26666666666666666,5,2,0.2859616573902293,0.015890971773324714,0.07880424897231618,3.61,3.34,2.25,3.49,3.45,2.25
Cagliari,Sampdoria,2,2,12,0.3745,0.2551,0.3682,0.25656249999999997,0.525,0.2184375,0.2484375,0.625,0.1265625,0.06666666666666665,2,7,-0.16167800453514758,-0.020279720279720276,0.0038681952967667133,2.62,3.56,2.8,2.48,3.42,3.08
Juventus,Inter,0,0,12,0.4844,0.3006,0.2149,0.39570312500000004,0.13749999999999996,0.466796875,0.42500000000000004,0.1499999999999999,0.42500000000000004,0.10196078431372557,-1,2,-0.5035926870748302,-0.015398138614251156,0.0325628736343022,1.71,3.94,5.49,1.96,3.45,4.53
Chievo,Roma,0,0,12,0.0464,0.1223,0.8268,0.173125,0.35,0.47687500000000005,0.327109375,0.23750000000000004,0.435390625,-0.49743589743589756,4,7,-0.23412698412698463,-0.042240398490398484,0.07736361055688787,5.85,4.18,1.64,5.97,4.12,1.64
Milan,Bologna,2,1,12,0.2285,0.4302,0.3413,0.191171875,0.48750000000000004,0.32132812499999996,0.14749999999999996,0.55,0.3025,-0.06666666666666676,4,3,0.6826530612244901,-0.05850340136054422,0.04975687244594808,1.54,4.23,7.54,1.55,4.24,7.18
Napoli,Fiorentina,0,0,12,0.6868,0.1987,0.1128,0.323125,0.42500000000000004,0.25187499999999996,0.33625,0.475,0.18875000000000003,0.596078431372549,-7,-7,-0.3302437641723355,0.040953717442688026,-0.043826337353123065,1.35,5.79,9.33,1.47,4.75,7.71
Sassuolo,Crotone,2,1,12,0.1147,0.458,0.4273,0.09031249999999999,0.775,0.1346875,-0.008203124999999992,0.8125,0.19570312499999998,-0.13333333333333333,1,1,1.5857142857142859,-0.06326530612244896,-0.11431300725418372,1.79,3.7,5.19,1.72,3.87,5.5
Spal,Verona,2,2,12,0.4363,0.2674,0.2952,0.14210937499999998,0.7375,0.12039062499999997,0.255859375,0.5875,0.15664062499999998,0.2,0,-1,0.779931972789115,0.05181709047255262,0.01319653431454676,2.08,3.46,3.99,2.24,3.44,3.54
Udinese,Benevento,2,0,12,0.7531,0.1651,0.0793,0.3400000000000001,0.6499999999999999,0.010000000000000037,0.21375000000000005,0.85,-0.06375000000000003,0.5294117647058824,-6,-6,-1.0000850340136052,0.05184433621933621,0.03353813747721311,1.5,4.74,7.13,1.47,4.66,7.96
Lazio,Torino,1,3,12,0.7367,0.1492,0.1027,0.349609375,0.38749999999999996,0.26289062500000004,0.39156250000000004,0.475,0.13343749999999996,0.25791855203619907,2,-7,-0.6837416056166057,0.12518783300033298,-0.02628234729417593,1.5,4.77,6.91,1.53,4.67,6.53
Genoa,Atalanta,1,2,12,0.3683,0.2516,0.3775,0.32937500000000003,0.44999999999999996,0.22062500000000002,0.09999999999999998,0.8,0.09999999999999998,-0.06666666666666668,1,4,-0.6125231910946201,0.08773191094619667,-0.05508815168810746,3.19,3.36,2.45,3.39,3.43,2.3
Inter,Udinese,1,3,12,0.7882,0.1306,0.0718,0.4103125,0.275,0.31468749999999995,0.47406249999999994,0.275,0.25093750000000004,0.832579185520362,-15,-12,-0.4452228327228327,-0.018333600817153434,-0.0686965811965812,1.33,5.73,10.55,1.34,5.56,10.69
Roma,Cagliari,1,0,12,0.7328,0.1846,0.0814,0.395390625,0.36250000000000004,0.242109375,0.4937499999999999,0.3500000000000001,0.15624999999999997,0.6470588235294118,-11,-10,1.2002976190476193,0.005066592566592559,-0.01838865050068611,1.26,6.7,12.5,1.23,7.07,14.72
Torino,Napoli,1,3,12,0.1382,0.2056,0.6539,0.33499999999999996,0.4,0.265,0.23625,0.30000000000000004,0.46375,-0.627450980392157,11,7,0.24848484848484853,-0.01298221909607912,-0.027342300556586263,5.42,4.17,1.68,5.24,3.86,1.75
Atalanta,Lazio,3,3,12,0.3671,0.2509,0.3794,0.362109375,0.4375,0.200390625,0.41648437499999996,0.21250000000000002,0.371015625,-0.23529411764705888,3,3,0.040638528138527974,-0.04102165949992037,-0.04094180673128041,2.41,3.51,3.13,2.26,3.42,3.5
Benevento,Spal,1,2,12,0.2568,0.2994,0.4435,0.03249999999999996,0.8,0.16749999999999998,0.0859375,0.875,0.03906250000000001,-0.058823529411764705,1,2,0.4874999999999998,-0.05838549994896745,0.04866088426943692,2.84,3.38,2.69,2.61,3.35,2.96
Bologna,Juventus,0,3,12,0.1128,0.1295,0.7138,0.21429687499999997,0.4125,0.3732031250000001,0.23,0.4,0.37,-0.5372549019607843,9,8,1.1625850340136057,-0.10057748593241735,-0.020993808362505834,8.07,4.7,1.46,9.0,4.4,1.47
Crotone,Chievo,1,0,12,0.3253,0.3143,0.3602,-0.01679687499999999,0.7125,0.30429687499999997,0.19992187500000003,0.6625,0.137578125,-0.05882352941176472,3,5,-0.39196428571428577,-0.0032586184240596117,0.012096577499054295,3.25,3.39,2.4,3.04,3.05,2.75
Fiorentina,Genoa,0,0,12,0.3786,0.3723,0.2491,0.296171875,0.4625,0.241328125,0.34820312499999995,0.2875000000000001,0.36429687499999996,0.2196078431372549,0,-8,-1.54227221191507,0.07665464625091954,0.04506802721088434,1.65,4.11,5.84,1.81,3.57,5.29
Sampdoria,Sassuolo,0,1,12,0.868,0.0474,0.0201,0.19281250000000005,0.575,0.2321875,0.38375,0.44999999999999996,0.16625000000000006,0.6705882352941176,-6,-10,-2.906887755102041,0.21924377705627707,-0.0678232132547268,1.79,4.03,4.66,2.0,3.7,3.96
Verona,Milan,3,0,12,0.0585,0.1104,0.8159,0.139765625,0.5125,0.34773437500000004,0.015937499999999993,0.675,0.30906249999999996,-0.35294117647058826,8,11,1.8086309523809527,-0.0690657403312202,0.007670454545454564,6.04,4.44,1.59,6.86,4.34,1.55
Cagliari,Fiorentina,0,1,12,0.2119,0.2445,0.5422,0.125546875,0.5375,0.336953125,0.25320312500000003,0.5125,0.23429687500000002,0.11455108359133132,0,6,0.2152116402116402,0.011559845383374803,0.03448102823102822,3.44,3.34,2.33,3.39,3.37,2.33
Chievo,Bologna,2,3,12,0.2854,0.3167,0.3977,0.15835937500000002,0.6625,0.179140625,0.33281249999999996,0.525,0.1421875,0.0,3,2,0.9208333333333334,-0.015814740814740796,0.039429075826134655,2.69,3.15,3.02,2.68,3.11,3.07
Genoa,Benevento,1,0,12,0.6412,0.2309,0.1272,0.335546875,0.6875,-0.023046875000000022,0.091796875,0.9375,-0.029296875,0.11764705882352941,-1,-3,-0.5625000000000004,0.08457792207792209,0.011385631088610959,1.42,4.73,9.38,1.49,4.5,7.98
Juventus,Roma,1,0,12,0.3148,0.4,0.2851,0.38617187499999994,0.21250000000000002,0.40132812500000004,0.376640625,0.26249999999999996,0.36085937500000004,0.024561403508772006,-4,-2,-0.4783068783068791,0.002589427856244761,0.047619047619047616,1.83,3.69,4.97,1.73,3.89,5.43
Lazio,Crotone,4,0,12,0.8425,0.0715,0.0374,0.23242187500000006,0.6375,0.130078125,0.28304687500000003,0.6625,0.05445312500000002,0.49803921568627446,-7,-12,-0.8648057299843015,0.10268585581085582,-0.1271743248581484,1.24,6.86,14.87,1.27,6.25,13.31
Milan,Atalanta,0,2,12,0.4835,0.3085,0.2078,0.18648437499999998,0.4625,0.351015625,0.260078125,0.5375,0.202421875,0.4705882352941176,-8,2,-0.4734577922077916,-0.028233745421245425,-0.0784271284271284,2.47,3.41,3.11,2.55,3.4,2.95
Napoli,Sampdoria,3,2,12,0.8344,0.1161,0.0442,0.39937500000000004,0.55,0.05062499999999995,0.3025,0.55,0.14749999999999996,0.47058823529411764,-7,-5,-0.5313492063492062,0.007579642579642568,-0.07311105561105562,1.28,6.4,12.13,1.21,7.58,15.71
Sassuolo,Inter,1,0,12,0.0352,0.2301,0.7347,0.33226562499999995,0.38750000000000007,0.280234375,0.128515625,0.4375,0.433984375,-0.7647058823529411,14,11,0.5699404761904758,-0.11219277046482931,0.07122564935064936,4.86,3.92,1.79,5.51,3.91,1.71
Spal,Torino,2,2,12,0.3519,0.2577,0.3885,0.2375,0.525,0.2375,0.2568750000000001,0.44999999999999996,0.29312499999999997,-0.15479876160990713,9,7,1.0560185185185182,0.04548709422290434,0.005434479302232925,3.59,3.51,2.19,3.15,3.33,2.49
Udinese,Verona,4,0,12,0.5186,0.2184,0.2561,0.389765625,0.3375,0.272734375,0.2321875,0.575,0.19281250000000005,0.27863777089783276,-7,-7,-0.047056878306878325,0.04174833654000318,0.045418586484566675,1.69,4.13,5.38,1.76,4.01,4.96
Crotone,Napoli,0,1,12,0.0455,0.1342,0.8178,0.0625,0.5,0.4375,0.22,0.30000000000000004,0.48,-0.736842105263158,11,16,0.6065897065897063,-0.07601524483619428,-0.019967811686077933,15.9,6.51,1.23,16.25,7.35,1.22
Atalanta,Cagliari,1,2,12,0.7642,0.1626,0.071,0.480078125,0.5125,0.007421875000000022,0.42414062499999994,0.4625,0.11335937500000001,0.5789473684210527,-11,-10,1.0546416546416548,0.09493175906219382,-0.015656341422595296,1.45,4.61,8.1,1.46,4.67,8.27
Benevento,Chievo,1,0,12,0.2014,0.2652,0.5328,0.010546874999999976,0.8625,0.12695312499999997,0.05710937499999997,0.8625,0.080390625,-0.42105263157894735,4,7,0.3978835978835975,-0.016349511628149405,0.0690620758603215,3.32,3.44,2.28,3.01,3.4,2.54
Bologna,Udinese,1,2,12,0.2126,0.2001,0.5774,0.20429687500000002,0.3125,0.48320312499999996,0.11335937500000001,0.4625,0.42414062499999994,-0.12631578947368421,1,-1,0.7285714285714286,-0.08785513428370571,0.04358118020583006,2.43,3.17,3.35,2.5,3.14,3.32
Fiorentina,Milan,1,1,12,0.5379,0.2026,0.2466,0.41000000000000003,0.475,0.11499999999999996,0.358515625,0.48750000000000004,0.15398437499999995,0.29721362229102166,-3,-2,0.687566137566137,0.00501121638847668,-0.08372610618321402,2.02,3.6,3.88,2.48,3.39,3.11
Inter,Lazio,0,0,12,0.4479,0.2083,0.3269,0.139765625,0.5125,0.34773437500000004,0.31023437499999995,0.36250000000000004,0.327265625,0.0,0,-2,-0.7414326414326418,-0.069356437119595,-0.04071940892116331,2.31,3.58,3.15,2.38,3.55,3.14
Roma,Sassuolo,1,1,12,0.7595,0.1642,0.0741,0.2575,0.35,0.3925,0.52,0.19999999999999996,0.28,0.47368421052631593,-5,-10,-1.2378306878306882,0.0028141236474569786,-0.029677414641182745,1.3,5.76,11.16,1.27,6.6,12.63
Sampdoria,Spal,2,0,12,0.8496,0.0939,0.0416,-0.01999999999999999,0.7,0.32000000000000006,0.236015625,0.5875,0.17648437499999997,0.7956656346749227,-12,-11,-0.39173280423280454,0.15218930375180373,-0.05141488123944264,1.7,4.02,5.17,1.89,3.56,4.76
Torino,Genoa,0,0,12,0.2734,0.4305,0.2961,0.22062500000000002,0.44999999999999996,0.32937500000000003,0.15398437499999995,0.48750000000000004,0.358515625,-0.04334365325077394,4,-4,-1.4042057479557482,0.07412523920199358,0.061227603415103415,2.09,3.48,3.77,2.37,3.23,3.46
Verona,Juventus,1,3,12,0.0249,0.0536,0.8565,0.18843749999999998,0.32500000000000007,0.48656249999999995,0.16000000000000006,0.3999999999999999,0.44000000000000006,-0.7492260061919505,15,17,1.5142526455026464,-0.12485368124880505,-0.013598964579356734,16.51,6.43,1.23,18.5,7.35,1.2
Chievo,Udinese,1,1,1,0.2393,0.207,0.5439,-0.069453125,0.4625,0.606953125,0.15624999999999997,0.3500000000000001,0.4937499999999999,-0.0743034055727555,1,6,0.8650462962962968,-0.1120989735573069,0.019881765837648196,3.12,3.28,2.54,3.4,3.19,2.42
Fiorentina,Inter,1,1,1,0.2239,0.294,0.4819,0.38125000000000003,0.5,0.11874999999999997,0.293125,0.44999999999999996,0.256875,-0.1578947368421052,4,6,-0.38271604938271553,-0.019641289530462597,0.03784872534872533,2.59,3.38,2.95,2.67,3.2,3.0
Benevento,Sampdoria,3,2,1,0.1412,0.1826,0.6698,0.171015625,0.6375,0.19148437500000004,0.220703125,0.6625,0.11679687500000001,-0.2832080200501253,5,14,0.41611992945326204,-0.08275036725114124,0.013869787619787632,3.69,3.57,2.13,3.94,3.55,2.06
Cagliari,Juventus,0,1,1,0.0578,0.0944,0.8095,0.17187500000000003,0.32499999999999996,0.503125,0.141484375,0.38749999999999996,0.47101562500000005,-0.6315789473684211,12,13,1.3959435626102294,-0.1386651064411642,-0.04272949272949271,12.11,5.3,1.34,11.05,5.31,1.35
Genoa,Sassuolo,1,0,1,0.3966,0.2534,0.3476,0.2878125,0.32499999999999996,0.3871875,0.18031250000000004,0.5249999999999999,0.29468750000000005,-0.355889724310777,12,2,-1.5230158730158738,0.06475048100048102,0.020312374406128597,2.22,3.36,3.69,2.46,3.13,3.4
Milan,Crotone,1,0,1,0.6434,0.2398,0.1164,0.20218750000000002,0.725,0.07281250000000002,0.24531250000000002,0.725,0.029687500000000006,0.5263157894736842,-9,-7,0.21798941798941796,-0.024552299552299546,-0.1064216987385202,1.33,5.62,10.85,1.28,6.3,12.5
Napoli,Verona,2,0,1,0.868,0.0847,0.033,0.474375,0.44999999999999996,0.07562500000000005,0.38125,0.5,0.11875,0.7368421052631579,-12,-17,-0.07045855379188737,0.03963789297122629,-0.014249262005427782,1.12,11.38,25.32,1.1,12.5,33.0
Roma,Atalanta,1,2,1,0.6144,0.2352,0.1496,0.25960937500000003,0.4624999999999999,0.27789062500000006,0.4375,0.25,0.3125,0.573934837092732,-10,-6,0.5266089466089467,-0.018367823367823374,-0.07827701619368285,1.72,3.97,5.36,1.92,3.53,4.65
Spal,Lazio,2,5,1,0.1194,0.1492,0.7128,0.17500000000000002,0.5,0.32499999999999996,0.256875,0.44999999999999996,0.293125,-0.5689223057644112,11,13,0.35537037037036967,-0.043536562623249925,-0.0062810751626541095,6.52,4.55,1.55,6.2,3.9,1.66
Torino,Bologna,3,0,1,0.3138,0.2912,0.3945,0.264296875,0.6125,0.12320312499999998,0.20242187500000003,0.5375,0.260078125,-0.21052631578947367,7,-1,0.0981481481481481,-0.026958243186313346,0.0360322411793,2.14,3.48,3.78,2.04,3.54,4.04
Atalanta,Napoli,0,1,1,0.1735,0.2186,0.6054,0.32460937500000003,0.1875,0.48789062499999997,0.219453125,0.2875,0.493046875,-0.47619047619047616,5,5,0.9332034632034638,0.01828534670710602,0.0241321178821179,3.73,3.56,2.1,3.78,3.4,2.14
Bologna,Benevento,3,0,1,0.6894,0.2204,0.0899,0.04531249999999998,0.625,0.3296875,0.1796875,0.875,-0.0546875,0.42857142857142855,-4,-8,-0.25238095238095193,0.044482739482739495,0.039205769418187736,1.68,3.78,6.05,1.7,3.74,5.89
Cagliari,Milan,1,2,1,0.2459,0.2244,0.5249,0.11695312499999998,0.5875,0.295546875,0.07281250000000002,0.725,0.20218750000000002,-0.04761904761904767,3,6,1.3411111111111111,-0.03575605938609035,-0.04980347267111972,3.88,3.52,2.07,4.07,3.45,2.04
Inter,Roma,1,1,1,0.2501,0.3303,0.4195,0.16249999999999995,0.675,0.1625,0.284140625,0.48750000000000004,0.22835937499999995,0.09523809523809534,-3,-2,-0.5397893772893778,0.008358115183773107,0.04590548340548341,2.41,3.52,3.06,2.49,3.57,2.92
Lazio,Chievo,5,1,1,0.8103,0.1178,0.0606,0.41874999999999996,0.55,0.03125,0.416640625,0.6375000000000001,-0.05414062500000005,0.3949579831932773,-6,-9,-1.2298076923076922,0.13191310882100354,-0.01168498245994376,1.26,6.6,12.5,1.29,5.98,11.7
Sampdoria,Fiorentina,3,1,1,0.5507,0.2435,0.2045,0.10874999999999999,0.55,0.34124999999999994,0.2696875,0.42500000000000004,0.30531249999999993,0.5338345864661656,-8,-2,-0.2198412698412704,0.16807271976389626,-0.02764060582043039,2.99,3.54,2.45,3.26,3.3,2.41
Sassuolo,Torino,1,1,1,0.1573,0.3228,0.5198,0.2825,0.4,0.3175,0.272265625,0.4375,0.290234375,-0.24561403508771928,9,3,1.198875661375661,-0.05946598154931487,0.0029013967782083733,2.77,3.31,2.77,2.68,3.21,2.95
Udinese,Spal,1,1,1,0.7185,0.1704,0.1064,0.48343749999999996,0.42500000000000004,0.09156249999999999,0.3709374999999999,0.525,0.10406250000000003,0.4761904761904762,-8,-8,-0.4557142857142855,0.04085016835016833,0.01101301199985412,1.78,3.53,5.6,1.88,3.61,4.6
Verona,Crotone,0,3,1,0.5091,0.2575,0.2324,0.11031250000000004,0.825,0.06468750000000001,0.1559375,0.825,0.019062500000000024,0.14285714285714285,0,1,0.6750000000000003,0.056645658263305323,-0.07217555114304341,2.18,3.34,3.74,2.43,3.28,3.29
Juventus,Genoa,1,0,1,0.4719,0.4549,0.0732,0.48593749999999997,0.17500000000000004,0.3390625,0.453125,0.25,0.296875,0.5714285714285714,-10,-13,-1.32935064935065,0.08010233623532856,0.024761904761904756,1.2,7.1,19.51,1.26,5.65,17.8
Lazio,Udinese,3,0,1,0.5858,0.1732,0.2081,0.43164062500000006,0.2124999999999999,0.35585937500000003,0.355859375,0.21250000000000002,0.431640625,0.21052631578947367,-3,-5,-1.2544659044659041,0.0051350696087537895,-0.019147491941609585,1.49,4.75,6.98,1.53,4.16,7.59
Sampdoria,Roma,1,1,1,0.3055,0.3026,0.3916,0.27156250000000004,0.575,0.1534375,0.35101562499999994,0.4625,0.18648437500000004,0.19548872180451127,-2,1,-0.9626455026455032,0.12564874939874943,0.022778555198575842,4.01,3.79,1.95,3.91,3.71,2.0
Chievo,Juventus,0,2,1,0.076,0.1144,0.7822,-0.033203125,0.4375,0.595703125,0.1884375000000001,0.32499999999999996,0.48656249999999995,-0.5714285714285714,9,12,0.45297619047619087,-0.11106302581147781,-0.02010584187054773,10.5,5.07,1.36,12.1,4.92,1.35
Sassuolo,Atalanta,0,3,1,0.1759,0.3388,0.4852,0.25656249999999997,0.525,0.2184375,0.283828125,0.2875000000000001,0.4286718749999999,-0.14285714285714285,5,5,0.5164718614718606,-0.06447261072261073,-0.04429653679653679,3.53,3.46,2.24,3.01,3.34,2.54
Crotone,Cagliari,1,1,1,0.3062,0.3554,0.3384,0.23500000000000004,0.7,0.06500000000000002,0.14749999999999996,0.55,0.3025,0.04761904761904767,0,1,0.766666666666667,-0.051608309990662946,-0.005846029592967275,2.39,3.24,3.35,2.61,2.97,3.27
Fiorentina,Verona,1,4,1,0.7101,0.1745,0.111,0.27242187500000004,0.7375,-0.009921875000000052,0.30460937499999996,0.6125,0.08289062499999997,0.47619047619047616,-8,-8,0.7174603174603171,0.0226020380585598,-0.004788621519170741,1.3,6.01,10.99,1.26,6.3,14.25
Genoa,Udinese,0,1,1,0.2229,0.2145,0.5568,0.284140625,0.48750000000000004,0.22835937499999995,0.3175,0.4,0.2825,-0.23809523809523814,7,6,-0.1911904761904757,-0.03389249639249642,-0.004673372293341332,2.27,3.22,3.66,2.31,3.21,3.56
Milan,Lazio,2,1,1,0.1571,0.2252,0.6162,0.3103906249999999,0.21250000000000002,0.47710937500000006,0.27812499999999996,0.375,0.34687500000000004,-0.32091097308488603,5,6,-0.028059163059163783,-0.14653013653013652,-0.017460624171150477,2.54,3.47,2.91,2.54,3.36,2.99
Napoli,Bologna,3,1,1,0.715,0.1948,0.0891,0.5378125,0.275,0.18718749999999998,0.4121875,0.42500000000000004,0.16281249999999997,0.38095238095238104,-4,-10,-0.33936507936507887,0.0008797313797313799,0.0024000328876489785,1.19,7.65,17.5,1.19,7.75,18.43
Roma,Sampdoria,0,1,1,0.6428,0.1925,0.1589,0.14749999999999996,0.55,0.3025,0.34492187499999993,0.6125,0.042578124999999994,0.5279503105590062,-11,-1,0.6909668109668115,-0.05857277107277106,-0.04816413132322224,1.41,5.18,8.04,1.39,5.21,8.82
Spal,Inter,1,1,1,0.1063,0.1874,0.7041,0.15437499999999998,0.65,0.195625,0.18624999999999997,0.55,0.26375,-0.4285714285714286,11,15,0.1240476190476194,0.019392547596881943,0.07692673268760225,5.7,4.13,1.65,6.4,3.86,1.64
Torino,Benevento,3,0,1,0.831,0.1363,0.0316,0.30273437499999994,0.48750000000000004,0.209765625,0.37468750000000006,0.725,-0.09968750000000001,0.6666666666666666,-9,-10,-1.0821428571428569,0.058669911959385646,-0.06130928167692873,1.44,4.85,8.08,1.42,5.03,8.24
Inter,Crotone,1,1,2,0.8604,0.0911,0.0362,0.2321875,0.575,0.19281250000000005,0.295546875,0.5875,0.11695312499999998,0.7391304347826086,-14,-13,-0.3070596070596072,0.022136216292563057,-0.09826590334330274,1.32,5.41,12.07,1.28,5.72,15.11
Sampdoria,Torino,1,1,2,0.7112,0.1638,0.1166,0.36085937500000004,0.26249999999999996,0.376640625,0.3,0.4,0.3,0.4347826086956521,-5,-4,0.20357142857142785,0.12707721571357938,-0.04170265915117173,2.39,3.64,3.0,2.3,3.58,3.22
Atalanta,Chievo,1,0,2,0.759,0.157,0.0803,0.3812500000000001,0.6499999999999999,-0.03125,0.20156250000000003,0.825,-0.026562500000000003,0.391304347826087,-9,-6,-0.02066115702479321,0.07635959451176841,0.018285221574695268,1.37,5.26,9.34,1.46,4.57,8.33
Benevento,Napoli,0,2,2,0.0164,0.0554,0.9068,0.12218750000000003,0.32499999999999996,0.5528125,0.295234375,0.21250000000000002,0.492265625,-1.0434782608695652,19,19,1.1036599763872488,-0.06869423328187509,0.051417143462598014,17.53,7.43,1.2,21.94,8.54,1.16
Bologna,Fiorentina,1,2,2,0.2696,0.2528,0.4759,0.18789062499999998,0.6875,0.12460937500000002,0.2375,0.525,0.2375,0.0,-1,1,0.36839826839826806,0.05204766267600493,0.05518936648615795,3.26,3.44,2.34,3.41,3.38,2.29
Cagliari,Spal,2,0,2,0.4452,0.2903,0.264,0.14570312500000002,0.6875,0.16679687499999998,-0.01664062499999998,0.7875,0.229140625,0.17391304347826086,-3,-2,0.40836940836940894,-0.021661671661671655,-0.004533347954400593,2.14,3.34,3.88,2.11,3.38,3.9
Juventus,Sassuolo,7,0,2,0.8767,0.1001,0.0205,0.56125,0.35,0.08875000000000002,0.4900781249999999,0.3375,0.17242187500000006,0.6521739130434784,-11,-12,-2.518614718614719,0.04650356685174169,-0.04749580678434433,1.25,6.34,15.09,1.23,6.77,15.51
Udinese,Milan,1,1,2,0.4409,0.2098,0.3331,0.26875,0.30000000000000004,0.43124999999999997,0.31125,0.44999999999999996,0.23875000000000002,0.08695652173913038,-1,2,0.7450216450216449,0.031162809680963355,-0.035600837071425265,3.4,3.31,2.33,3.59,3.37,2.22
Verona,Roma,0,1,2,0.0348,0.1213,0.8414,0.15445312499999997,0.7125,0.133046875,0.06500000000000002,0.7,0.23500000000000004,-0.6004140786749482,14,14,0.10939393939393982,0.004490142210730463,0.10759802882797534,7.84,5.07,1.43,10.2,5.15,1.36
Lazio,Genoa,1,2,2,0.5137,0.3461,0.1403,0.358515625,0.48750000000000004,0.15398437499999995,0.429453125,0.36250000000000004,0.20804687499999996,0.38716356107660455,-6,-13,-1.588537220355402,0.17005807058438638,0.028426597911892018,1.51,4.31,7.75,1.5,4.29,8.0
Fiorentina,Juventus,0,2,2,0.1099,0.1435,0.7277,0.171171875,0.2875,0.541328125,0.15499999999999997,0.30000000000000004,0.5449999999999999,-0.5217391304347827,9,9,0.6940115440115435,-0.102860779489807,-0.0018283484192574972,4.74,3.61,1.86,4.91,3.41,1.9
Crotone,Atalanta,1,1,2,0.1842,0.2785,0.5369,0.21429687499999994,0.4125000000000001,0.37320312499999997,0.12249999999999994,0.3500000000000001,0.5275,-0.13043478260869568,6,10,-0.26554506099960706,-0.047682657508860735,-0.036420543972643216,4.85,3.53,1.87,4.65,3.56,1.89
Napoli,Lazio,4,1,2,0.5655,0.2095,0.2181,0.5378125,0.275,0.18718749999999998,0.436875,0.32499999999999996,0.23812500000000003,0.09043478260869553,0,-1,-0.6499639249639251,-0.04550810300810304,-0.04626064116195695,1.67,4.09,5.54,1.87,3.42,5.04
Spal,Milan,0,4,2,0.2556,0.1984,0.5289,0.042421875000000026,0.48749999999999993,0.470078125,0.163984375,0.5375,0.29851562500000006,-0.12173913043478257,4,10,1.096158008658008,0.028225067273054863,-0.019426306759194434,4.76,3.72,1.83,4.93,3.41,1.89
Chievo,Genoa,0,1,2,0.2149,0.4184,0.3667,-0.038203125000000004,0.7125,0.325703125,0.11132812500000001,0.5625,0.326171875,-0.07478260869565223,4,3,-0.3132395382395381,0.022352058715695088,0.0763477906526035,2.98,3.13,2.7,3.15,3.02,2.65
Inter,Bologna,2,1,2,0.6549,0.211,0.1325,0.29874999999999996,0.65,0.051250000000000004,0.264296875,0.6125,0.123203125,0.34782608695652173,-7,-8,0.04719030969030902,-0.006207663647679121,-0.011800697152864331,1.49,4.45,7.79,1.51,4.21,7.9
Roma,Benevento,5,2,2,0.8404,0.1346,0.0242,0.273359375,0.6375,0.08914062500000003,0.2471875,0.825,-0.07218749999999996,0.88,-15,-15,-0.33224206349206264,0.02085908960908961,-0.06629872714431537,1.16,8.96,18.4,1.19,7.6,18.0
Sampdoria,Verona,2,0,2,0.7934,0.1164,0.0708,0.38,0.55,0.06999999999999995,0.32937500000000003,0.44999999999999996,0.22062500000000002,0.6486956521739131,-12,-13,0.2381673881673878,0.100804551088642,-0.03231731170154303,1.48,4.83,7.13,1.5,4.47,7.44
Sassuolo,Cagliari,0,0,2,0.2005,0.3906,0.4089,0.012890624999999989,0.6625,0.32460937500000003,0.22562499999999996,0.4750000000000001,0.29937499999999995,-0.08695652173913043,2,1,2.201731601731602,-0.08204674113765024,0.015037681616628981,2.13,3.35,3.87,2.03,3.41,4.18
Torino,Udinese,2,0,2,0.4844,0.2457,0.2677,0.36695312500000005,0.38749999999999996,0.245546875,0.3540625,0.32500000000000007,0.32093749999999993,0.04347826086956519,1,1,-0.7969696969696964,-0.05370490753265876,-0.028113174704083782,1.85,3.68,4.68,1.77,3.77,5.14
Chievo,Cagliari,2,1,2,0.3822,0.313,0.3046,-0.056562500000000016,0.725,0.33156250000000004,0.012890624999999989,0.6625,0.32460937500000003,0.040000000000000036,-2,2,1.207638888888889,-0.031114949864949865,0.031729477809199186,2.49,3.31,3.11,2.16,3.05,4.26
Genoa,Inter,2,0,2,0.0964,0.2155,0.6875,0.32499999999999996,0.3500000000000001,0.32499999999999996,0.2565625,0.525,0.21843749999999998,-0.5217391304347826,13,10,0.3495670995671003,0.00997807896203616,0.06351204591286456,3.52,3.13,2.37,3.5,3.18,2.36
Udinese,Roma,0,2,2,0.1472,0.2537,0.5987,0.15187499999999998,0.475,0.37312500000000004,0.3175,0.4,0.2825,-0.27652173913043476,6,6,-0.3153679653679653,0.031977420067883525,0.07831062530260391,4.49,3.68,1.88,5.12,3.76,1.78
Atalanta,Fiorentina,1,1,2,0.4247,0.2744,0.3,0.4,0.5,0.09999999999999998,0.22062500000000002,0.44999999999999996,0.32937500000000003,0.24,-6,-3,0.6620129870129867,0.046317740408213556,0.019705988455988463,2.4,3.32,3.25,2.42,3.32,3.22
Benevento,Crotone,3,2,2,0.3208,0.2579,0.4195,-0.023046875000000022,0.6875,0.335546875,0.26375,0.55,0.18624999999999997,-0.03999999999999998,2,3,0.4791666666666661,-0.035446356905335215,-0.02781970716761739,2.66,3.19,2.99,2.37,3.27,3.37
Bologna,Sassuolo,2,1,2,0.6234,0.2061,0.1667,0.05976562500000001,0.8125,0.12773437499999998,0.1590625,0.725,0.11593750000000001,-0.040000000000000036,2,-3,-1.9424603174603177,0.06387119824619825,0.0162705196432818,2.68,3.2,2.94,2.61,3.2,3.04
Milan,Sampdoria,1,0,2,0.4356,0.28,0.2838,0.440546875,0.16249999999999998,0.396953125,0.416015625,0.4375,0.146484375,0.34782608695652173,-6,2,0.12417027417027438,-0.06652060061150969,-0.028970246924792373,1.72,4.01,5.16,1.69,3.96,5.5
Napoli,Spal,1,0,2,0.8864,0.0823,0.0234,0.585078125,0.4125,0.0024218750000000178,0.540390625,0.38749999999999996,0.07210937500000006,0.9199999999999999,-16,-17,-0.84292328042328,0.06078106806047981,-0.036383641811273376,1.15,8.8,22.75,1.14,9.0,28.75
Torino,Juventus,0,1,2,0.2041,0.2223,0.5703,0.395,0.09999999999999998,0.505,0.40867187499999996,0.08750000000000002,0.503828125,-0.43999999999999995,7,7,-0.02202380952381011,-0.09912606492521353,-0.04511726699226698,4.99,3.7,1.81,5.15,3.58,1.81
Lazio,Verona,2,0,2,0.7923,0.0967,0.0644,0.1346875,0.775,0.09031249999999999,0.34124999999999994,0.55,0.10874999999999999,0.5095652173913043,-8,-14,-0.6260384817203,0.08660582174338155,0.008396706770758905,1.22,7.6,14.2,1.18,7.9,19.25
Bologna,Genoa,2,0,2,0.2202,0.3996,0.3801,0.16281249999999997,0.42500000000000004,0.4121875,0.23195312499999998,0.4125,0.35554687500000004,-0.14814814814814814,7,-1,-0.31268731268731287,0.06840552609783379,0.1013534023595943,2.94,3.09,2.77,2.92,2.84,3.02
Inter,Benevento,2,0,2,0.9129,0.0619,0.0142,0.264296875,0.6125,0.12320312499999998,0.405,0.7,-0.10499999999999998,1.037037037037037,-16,-15,-0.9459002535925611,0.041775121445876404,-0.07653055912859832,1.24,6.93,13.92,1.26,6.3,14.11
Crotone,Spal,2,3,2,0.4005,0.3579,0.2416,0.25070312499999997,0.7375,0.01179687499999997,0.25117187500000004,0.6875,0.06132812499999998,0.2977777777777778,-5,-1,-0.6447649572649579,-0.01372255195784608,-0.01963927173746799,2.34,3.24,3.46,2.32,3.1,3.68
Fiorentina,Chievo,1,0,2,0.6275,0.2205,0.1505,0.18343749999999998,0.675,0.14156249999999998,0.16242187500000002,0.8875,-0.04992187499999998,0.28,-4,-2,0.6524470899470898,0.028584888340323113,0.055888992237676446,1.47,4.32,8.97,1.49,4.44,7.8
Roma,Milan,0,2,2,0.4504,0.2303,0.3135,0.39625000000000005,0.15000000000000002,0.45374999999999993,0.21429687499999994,0.4125000000000001,0.37320312499999997,0.2592592592592593,-2,-3,1.0270757020757015,-0.03013912523914905,-0.02740033345236964,1.9,3.63,4.48,2.04,3.43,4.1
Sampdoria,Udinese,2,1,2,0.6734,0.1836,0.1374,0.32000000000000006,0.6,0.07999999999999999,0.4225,0.4,0.17750000000000002,0.43407407407407417,-5,-5,-0.46375152625152616,0.04646711906327289,-0.05818430894341823,1.99,3.57,4.12,2.11,3.5,3.76
Sassuolo,Lazio,0,3,2,0.0596,0.1591,0.7797,0.047421874999999974,0.7125,0.240078125,0.275703125,0.5875,0.13679687499999998,-0.5629629629629629,15,11,1.8645299145299137,-0.15368824551516863,-0.028596361135358503,4.4,3.77,1.88,4.53,3.59,1.9
Verona,Torino,2,1,2,0.1298,0.1989,0.6689,0.010000000000000037,0.6499999999999999,0.3400000000000001,0.007265624999999998,0.6375,0.35523437500000005,-0.36,9,10,1.671527777777778,0.007185128324834214,0.039657249423873456,5.44,3.93,1.7,6.51,4.22,1.57
Cagliari,Napoli,0,5,2,0.0503,0.1389,0.8082,0.15499999999999997,0.30000000000000004,0.5449999999999999,0.12218750000000003,0.32499999999999996,0.5528125,-0.8400000000000001,13,14,1.0526936026936031,-0.044645654573387095,0.01324150386650387,10.52,5.14,1.36,13.8,5.1,1.32
Lazio,Juventus,0,1,3,0.2665,0.2076,0.5136,0.2496875,0.22499999999999998,0.5253125000000001,0.3671875,0.125,0.5078125,-0.33925925925925926,4,1,-0.3647352647352644,-0.03300816378632526,-0.01946886541060748,3.5,3.3,2.29,3.26,3.24,2.44
Napoli,Roma,2,4,3,0.3338,0.3631,0.3031,0.52,0.19999999999999996,0.28,0.5094531250000001,0.13749999999999996,0.35304687500000004,0.18518518518518512,-2,-4,-0.8859050671550666,0.036395964016974966,0.04804132100512191,1.6,4.25,6.02,1.64,3.94,6.15
Spal,Bologna,1,0,3,0.2836,0.2356,0.4769,0.14749999999999996,0.55,0.3025,0.145,0.8,0.05499999999999997,-0.15999999999999998,5,7,0.5777777777777775,0.004768212953197459,0.033890359296706044,2.42,3.22,3.32,2.54,3.13,3.2
Roma,Torino,3,0,3,0.5153,0.2437,0.239,0.416015625,0.4375,0.146484375,0.13374999999999998,0.65,0.21625,0.26947637292464877,-6,-6,0.8529020582592013,-0.018252490505237737,0.0011040583215690541,1.67,4.24,5.24,1.56,4.47,6.34
Verona,Chievo,1,0,3,0.3791,0.3062,0.3145,0.22531249999999997,0.675,0.09968749999999997,0.28,0.8,-0.08000000000000004,0.037037037037037035,1,5,1.0793040293040295,0.06446796667384902,0.03409887721033231,3.51,3.4,2.24,4.1,3.39,2.05
Bologna,Atalanta,0,1,3,0.3243,0.2491,0.4239,0.204765625,0.4625,0.33273437499999997,0.34156249999999994,0.2250000000000001,0.4334375,-0.0193103448275862,3,3,-0.10313852813852842,0.03630496196147455,-0.0005272656643731388,4.41,3.52,1.94,4.67,3.64,1.86
Cagliari,Lazio,2,2,3,0.0787,0.1165,0.7776,0.12656250000000002,0.625,0.24843749999999998,0.0859375,0.625,0.2890625,-0.5185185185185186,14,11,0.37489970347113166,-0.13146953778821913,-0.006190882565572112,5.2,3.98,1.72,6.69,4.45,1.53
Crotone,Sampdoria,4,1,3,0.2876,0.2686,0.4428,0.05062499999999995,0.55,0.39937500000000004,0.166796875,0.6875,0.145703125,0.0014814814814814725,3,13,-0.3434472934472934,-0.04587936887145032,-0.0068629136858438244,3.26,3.3,2.41,2.75,3.36,2.74
Fiorentina,Benevento,1,0,3,0.8081,0.1413,0.0485,0.335234375,0.5875,0.077265625,0.29617187500000003,0.7875,-0.083671875,0.7037037037037037,-10,-10,-0.6658730158730166,0.01846010919589515,-0.02140810630629633,1.36,5.34,9.83,1.43,4.76,8.6
Genoa,Milan,0,1,3,0.177,0.2,0.6171,0.28070312499999994,0.23750000000000004,0.481796875,0.31249999999999994,0.25,0.43750000000000006,-0.28413793103448276,13,6,1.252947845804988,0.01706133768274415,-0.016304942262759567,3.49,3.07,2.42,3.64,3.22,2.28
Inter,Napoli,0,0,3,0.1828,0.2677,0.5492,0.306171875,0.3375,0.356328125,0.38117187499999994,0.11250000000000004,0.506328125,-0.30140485312899123,2,4,0.24223871366728522,-0.01890765477854202,-0.0015520194091622613,4.09,3.51,2.02,4.28,3.62,1.94
Juventus,Udinese,2,0,3,0.8557,0.1088,0.0318,0.585078125,0.4125,0.0024218750000000178,0.5321093750000001,0.4125,0.05539062499999997,0.6474074074074074,-5,-10,-0.6891330891330889,-0.012223353436055934,-0.05604331565870025,1.26,5.97,15.75,1.23,6.22,19.58
Sassuolo,Spal,1,1,3,0.196,0.3909,0.4131,-0.025937500000000058,0.675,0.3509375,0.137578125,0.6625,0.19992187500000003,0.060025542784163444,1,-1,1.7959706959706963,-0.06589555133511177,0.015679872908422224,2.06,3.35,4.15,2.1,3.36,4.0
Juventus,Atalanta,2,0,3,0.7902,0.1618,0.0471,0.506328125,0.11250000000000004,0.38117187499999994,0.476640625,0.08750000000000002,0.435859375,0.5555555555555556,-6,-7,-0.5807359307359312,0.04036324083884579,-0.07073482073482074,1.44,4.54,8.87,1.44,4.3,10.25
Spal,Juventus,0,0,3,0.0352,0.0766,0.8599,0.28,0.19999999999999996,0.52,0.18718749999999998,0.275,0.5378125,-0.7573435504469989,13,17,1.01436420722135,-0.09011808485556487,0.0206100065990176,12.39,5.41,1.32,12.25,5.0,1.34
Udinese,Sassuolo,1,2,3,0.7004,0.1731,0.1204,-0.01273437500000002,0.8625,0.15023437499999998,0.28812499999999996,0.675,0.03687499999999999,0.1481481481481482,-1,-6,-1.7769230769230773,0.06258332498211039,-0.027338688591885513,2.22,3.26,3.75,2.22,3.24,3.75
Benevento,Cagliari,1,2,3,0.2796,0.2741,0.4456,0.076953125,0.7375,0.18554687499999994,0.35851562499999995,0.48750000000000004,0.153984375,-0.07407407407407407,5,5,1.42051282051282,-0.049225964226559615,0.043625018772077584,2.62,3.37,2.88,2.35,3.33,3.34
Crotone,Roma,0,2,3,0.0816,0.1999,0.7178,0.176171875,0.38749999999999996,0.43632812500000007,0.20500000000000002,0.32499999999999996,0.47000000000000003,-0.4853128991060025,9,15,-0.7425562532705396,-0.03802400913745453,0.07645124118648575,6.78,4.43,1.53,5.95,4.02,1.65
Lazio,Bologna,1,1,3,0.7056,0.1694,0.1183,0.27156250000000004,0.575,0.1534375,0.32000000000000006,0.7,-0.01999999999999999,0.2962962962962963,-7,-7,-0.2616998386229157,0.05797285260848013,-0.0020761617123846027,1.35,5.27,10.61,1.32,5.7,10.96
Milan,Chievo,3,2,3,0.5794,0.304,0.1165,0.5546875,0.42500000000000004,0.020312499999999956,0.5471875,0.575,-0.1221875,0.6096551724137931,-11,-10,-0.11478647014361254,0.010778804528804524,-0.013709890589589824,1.37,5.03,10.27,1.4,4.68,10.08
Napoli,Genoa,1,0,3,0.5045,0.352,0.1435,0.3178125,0.475,0.20718750000000002,0.37,0.4,0.23,0.4482758620689655,-4,-11,-0.9723819830962692,0.07623549149754369,0.04021157414014556,1.22,6.63,17.64,1.23,6.08,19.5
Sampdoria,Inter,0,5,3,0.457,0.2875,0.2551,0.20718750000000002,0.475,0.3178125,0.474375,0.44999999999999996,0.07562500000000005,0.3034482758620689,-2,2,-0.38251133786848035,0.09337097892770162,-0.015953028226238432,3.96,3.43,2.06,4.08,3.64,1.98
Torino,Fiorentina,1,2,3,0.4164,0.2876,0.2955,0.02781249999999999,0.525,0.44718749999999996,0.3296875,0.375,0.2953125,0.14814814814814814,-2,1,-0.6972527472527483,0.03079550804306698,-0.02242180896027049,2.32,3.41,3.32,2.85,3.24,2.74
Verona,Atalanta,0,5,3,0.1567,0.2288,0.6132,0.27789062500000006,0.4624999999999999,0.25960937500000003,0.2696875,0.42500000000000004,0.30531249999999993,-0.2068965517241379,10,11,1.0985003092145944,0.023248547670816563,0.0003137618683837218,7.09,4.25,1.54,10.11,5.01,1.38
Atalanta,Udinese,2,0,3,0.5622,0.2326,0.2031,0.419921875,0.6875,-0.107421875,0.27749999999999997,0.7,0.022500000000000048,0.2630906768837803,-4,-5,0.04597902097902118,-0.01010026610062445,-0.006820132571586979,1.44,4.68,8.66,1.44,4.72,8.4
Bologna,Roma,1,1,3,0.0946,0.2008,0.7036,0.15781249999999997,0.375,0.46718750000000003,0.25,0.25,0.5,-0.4883203559510566,8,8,0.12882653061224492,0.011706914700612164,0.09513088619899765,5.37,3.99,1.7,6.08,4.66,1.55
Cagliari,Torino,0,4,3,0.3003,0.2495,0.4478,0.30429687499999997,0.7125,-0.01679687499999999,0.19726562499999997,0.7125,0.090234375,-0.06896551724137928,3,4,0.5000283446712017,0.012346681096681134,-0.00021779893674302164,2.99,3.41,2.52,3.1,3.27,2.52
Chievo,Sampdoria,2,1,3,0.4176,0.2398,0.3385,0.04593750000000002,0.7749999999999999,0.17906250000000007,0.21867187499999996,0.7125,0.068828125,0.14814814814814814,-1,8,-0.03666056166056153,-0.02667524782909396,-0.006254709342944614,2.33,3.43,3.28,2.34,3.34,3.36
Fiorentina,Crotone,2,0,3,0.6519,0.1969,0.1473,0.46992187499999993,0.4375,0.09257812500000004,0.336953125,0.5375,0.125546875,0.4623243933588761,-10,-9,0.1593188557474261,-0.008562296762814767,-0.03887538046559755,1.52,4.39,7.25,1.55,4.16,7.2
Genoa,Spal,1,1,3,0.4251,0.2922,0.2823,0.072265625,0.5625,0.365234375,0.2565625,0.525,0.21843749999999998,0.08482676224611707,3,-4,0.531306471306471,0.024644244644244626,-0.007753998482743427,1.96,3.27,4.77,1.86,3.33,5.31
Inter,Verona,3,0,3,0.79,0.1398,0.0655,0.39085937500000006,0.4125,0.19664062499999996,0.433046875,0.5375,0.029453125000000024,0.6989247311827957,-14,-15,0.20641025641025568,0.015808834856822482,-0.012432605109950631,1.15,8.97,20.67,1.15,9.22,20.98
Juventus,Milan,3,1,3,0.8,0.1481,0.0501,0.42218750000000005,0.07499999999999996,0.5028125,0.500703125,0.03749999999999998,0.461796875,0.5016685205784206,-4,-5,0.31168934240362756,0.026951185396467417,-0.06797134238310706,1.63,3.86,6.71,1.64,3.7,7.0
Lazio,Benevento,6,2,3,0.9234,0.043,0.0101,0.32460937500000003,0.6625,0.012890624999999989,0.31218750000000006,0.7749999999999999,-0.08718749999999997,0.8275862068965517,-11,-15,-1.7635852242995096,0.0974543835446091,-0.06477422165447376,1.21,7.31,15.4,1.23,6.75,14.82
Sassuolo,Napoli,1,1,3,0.0182,0.1306,0.8505,0.21624999999999994,0.42500000000000004,0.35875,0.09156249999999999,0.42500000000000004,0.48343749999999996,-0.9310344827586207,17,14,2.1839981447124304,-0.09710509668601028,0.05937374949979991,9.98,5.45,1.35,9.64,4.75,1.41
Atalanta,Sampdoria,1,2,4,0.6759,0.1838,0.135,0.45749999999999996,0.55,-0.007500000000000007,0.38523437499999996,0.6125,0.0022656249999999933,0.44827586206896547,-7,-1,0.25236033807462377,0.01692227027630755,-0.04024660913316373,1.45,4.82,7.73,1.37,5.42,8.95
Genoa,Cagliari,2,1,4,0.3451,0.3123,0.3424,0.10750000000000004,0.7,0.1925,0.209765625,0.48750000000000004,0.30273437499999994,-0.103448275862069,4,-1,1.8217687074829931,0.0026618223046794287,0.01214140281311886,1.82,3.46,5.36,1.85,3.42,5.23
Udinese,Fiorentina,0,2,4,0.2894,0.2516,0.457,-0.12468749999999995,0.525,0.5996874999999999,0.08124999999999999,0.5,0.41875,-0.06896551724137934,4,4,0.01156462585033946,0.03526471000210493,0.016932967825824985,3.63,3.39,2.2,3.59,3.23,2.29
Benevento,Verona,3,0,4,0.3438,0.2414,0.4109,0.0015625000000000083,0.775,0.22343749999999996,0.30906249999999996,0.675,0.015937499999999993,0.03448275862068967,3,1,0.5173469387755096,-0.024451320523301956,0.05384024129228733,1.83,3.97,4.39,1.8,4.03,4.51
Chievo,Sassuolo,1,1,4,0.5648,0.2306,0.2023,0.18624999999999997,0.55,0.26375,0.33281249999999996,0.525,0.1421875,0.10344827586206895,0,1,-1.8238945578231296,0.03231672775845708,-0.01436964215097207,2.89,3.06,2.88,3.15,2.96,2.71
Milan,Inter,0,0,4,0.1992,0.3189,0.4818,0.34375,0.25,0.40625,0.48320312499999996,0.3125,0.20429687500000002,0.11111111111111105,1,2,-0.14362026862026767,-0.05761274924170852,0.04406451964980393,2.8,3.23,2.79,2.82,3.31,2.71
Torino,Crotone,4,1,4,0.7341,0.1682,0.0942,0.16874999999999998,0.75,0.08125000000000002,0.2575,0.65,0.09249999999999999,0.4137931034482759,-8,-8,-0.7190476190476192,0.026396869629952344,-0.08889307323960131,1.54,4.21,7.18,1.6,4.03,6.62
Benevento,Juventus,2,4,4,0.0287,0.071,0.8759,0.09070312500000002,0.4125,0.496796875,0.2828125000000001,0.2749999999999999,0.4421875,-0.8064516129032258,17,19,0.40682539682539653,-0.1260549838878012,0.03994679870066867,16.18,5.87,1.24,14.5,5.3,1.3
Roma,Fiorentina,0,2,4,0.3834,0.2801,0.3358,0.3671875,0.125,0.5078125,0.22375,0.35,0.42625,0.19354838709677413,-3,-6,0.3990211640211636,-0.005661082572847281,0.013663003663003659,1.8,3.75,4.93,1.89,3.65,4.5
Sampdoria,Genoa,0,0,4,0.4549,0.362,0.1831,0.196328125,0.5875,0.21617187499999999,0.31773437499999996,0.5375000000000001,0.14476562499999995,0.4193548387096774,-5,-3,-0.5389321789321797,0.13234681984681984,0.012184229026334287,2.77,3.21,2.83,2.43,3.29,3.22
Spal,Atalanta,1,1,4,0.168,0.2083,0.6203,0.320234375,0.4125,0.267265625,0.21624999999999994,0.42500000000000004,0.35875,-0.19243604004449388,8,8,0.7515584415584411,0.008814650998419216,-0.002652440152440136,4.72,3.59,1.87,4.95,3.68,1.81
Crotone,Bologna,1,0,4,0.3174,0.2983,0.384,0.03351562499999998,0.7375,0.22898437499999996,0.22898437499999996,0.7375,0.03351562499999998,-0.03559510567296997,2,7,0.060793650793649956,-0.028237777628533953,0.016657235157802444,2.33,3.19,3.53,2.4,3.22,3.35
Milan,Sassuolo,1,1,4,0.6016,0.2555,0.1425,0.30531249999999993,0.42500000000000004,0.2696875,0.4671875,0.375,0.15781250000000002,0.38264738598442716,-4,-8,-1.6920068027210884,-0.007621444971069029,-0.03819984390499552,1.49,4.41,7.84,1.49,4.42,7.98
Napoli,Chievo,2,1,4,0.859,0.1005,0.0341,0.32499999999999996,0.5,0.17500000000000002,0.4921875,0.625,-0.1171875,0.838709677419355,-15,-13,-0.4667195767195764,0.06324714249172451,-0.014022572443625078,1.14,8.32,24.83,1.15,8.5,25.6
Torino,Inter,1,0,4,0.2633,0.3066,0.4299,0.2560156250000001,0.3374999999999999,0.406484375,0.27789062500000006,0.4624999999999999,0.25960937500000003,-0.08565072302558396,4,6,-0.8402437641723353,0.017572310157449478,0.023271723100915645,3.96,3.42,2.08,4.38,3.66,1.91
Udinese,Lazio,1,2,4,0.1762,0.1677,0.63,-0.107421875,0.6875,0.419921875,-0.001953125,0.6875,0.314453125,-0.4193548387096775,10,8,0.07222222222222152,-0.09152446319112989,-0.022558627303209344,4.8,3.83,1.8,5.56,4.16,1.65
Verona,Cagliari,1,0,4,0.2197,0.2762,0.5036,0.12039062499999997,0.7375,0.14210937499999998,0.236015625,0.5875,0.17648437499999997,-0.06451612903225806,3,3,1.5444444444444447,-0.007271562859798172,0.023346055503950247,3.63,3.45,2.18,3.17,3.33,2.44
Atalanta,Inter,0,0,4,0.2727,0.3157,0.4115,0.24695312499999997,0.48750000000000004,0.26554687499999996,0.267578125,0.5625,0.169921875,0.032258064516129004,3,3,0.9378643578643584,0.014872116090786147,0.04774361212340751,2.81,3.27,2.75,2.63,3.28,2.95
Cagliari,Udinese,2,1,4,0.2471,0.2397,0.5108,0.145,0.9,-0.04500000000000001,0.173046875,0.8125,0.014453124999999997,-0.06451612903225806,5,3,0.0016931216931217463,-0.038202445702445714,0.01551630736413348,2.54,3.18,3.15,2.44,3.14,3.37
Chievo,Torino,0,0,4,0.3216,0.2519,0.4242,0.11335937500000001,0.4625,0.42414062499999994,0.32132812499999996,0.48750000000000004,0.191171875,0.032258064516129004,1,6,0.2511111111111113,0.003752451252451272,0.008234225753407334,3.36,3.37,2.32,3.56,3.35,2.25
Genoa,Crotone,1,0,4,0.5483,0.2375,0.2123,0.26375,0.55,0.18624999999999997,0.35,0.625,0.025000000000000022,0.22580645161290325,-1,-5,0.4969841269841271,0.0444944626523574,-0.08088126218466778,1.85,3.36,5.36,1.94,3.28,4.84
Bologna,Verona,2,0,4,0.6005,0.2151,0.1812,0.08242187499999999,0.6875,0.23007812500000002,0.32000000000000006,0.7,-0.01999999999999999,0.2854349951124145,-5,-7,0.8094543650793651,0.051870976245976225,0.029940574287909624,1.61,4.03,6.35,1.61,4.11,6.25
Fiorentina,Spal,0,0,4,0.5883,0.243,0.1678,0.5253125000000001,0.22499999999999998,0.2496875,0.40164062500000003,0.38749999999999996,0.21085937500000002,0.47311827956989244,-6,-11,0.3320469576719569,-0.016607660053312226,0.015688977712487756,1.5,4.32,7.9,1.52,4.19,7.89
Juventus,Sampdoria,3,0,4,0.9057,0.064,0.0172,0.4937499999999999,0.3500000000000001,0.15624999999999997,0.5449999999999999,0.30000000000000004,0.15499999999999997,0.8064516129032258,-13,-8,-0.4893121693121696,0.044504256534094566,-0.08578743478743477,1.23,7.0,14.9,1.34,5.07,12.37
Lazio,Roma,0,0,4,0.2615,0.2552,0.4818,0.375625,0.3500000000000001,0.2743749999999999,0.26773437499999997,0.2875000000000001,0.44476562499999994,-0.16129032258064513,3,-1,-0.8857747807747809,0.044753296525742337,0.07023725185489892,2.84,3.52,2.57,2.64,3.33,2.89
Milan,Napoli,0,0,4,0.0989,0.2612,0.6398,0.24554687500000005,0.38749999999999996,0.366953125,0.3625,0.275,0.3625,-0.3548387096774194,5,4,0.27162578162578255,-0.06479004273222877,0.024344174344174338,4.41,3.7,1.89,4.5,3.63,1.89
Sassuolo,Benevento,2,2,4,0.419,0.3846,0.1964,0.3352343750000001,0.5874999999999999,0.07726562500000003,0.2471875,0.825,-0.07218749999999996,0.3870967741935484,0,-5,0.7142857142857135,-0.04209401709401708,-0.032882799843584165,1.64,4.02,5.99,1.7,4.06,5.25
Inter,Cagliari,4,0,4,0.719,0.1985,0.0817,0.26375,0.55,0.18624999999999997,0.47898437499999996,0.4625,0.058515625000000016,0.606060606060606,-12,-9,0.7347298534798536,0.0031018554702134105,-0.03548763263740043,1.22,6.69,17.66,1.2,7.22,20.0
Benevento,Atalanta,0,3,4,0.1253,0.1649,0.6997,0.150390625,0.5625,0.287109375,0.17500000000000002,0.5,0.32499999999999996,-0.3030303030303031,12,12,0.4352408008658011,-0.026006050730315422,0.026332942352195465,5.7,4.21,1.63,6.79,4.57,1.52
Crotone,Juventus,1,1,4,0.0633,0.1389,0.7933,0.05539062499999997,0.4125,0.5321093750000001,0.251640625,0.2875,0.460859375,-0.6666666666666666,12,17,-0.4136904761904763,-0.1153294850252087,0.0073314568268885855,12.02,5.4,1.31,14.18,5.04,1.32
Fiorentina,Lazio,3,4,4,0.2435,0.2137,0.5352,0.431640625,0.21250000000000002,0.355859375,0.384765625,0.3125,0.302734375,-0.21212121212121215,6,4,0.323263888888889,-0.12054374369591758,-0.018997652351948044,2.87,3.52,2.55,3.06,3.53,2.41
Napoli,Udinese,4,2,4,0.7444,0.1561,0.0934,0.46375000000000005,0.6499999999999999,-0.11374999999999996,0.52,0.6,-0.12000000000000005,0.6666666666666667,-10,-11,-1.0280257936507935,-0.005729489905436175,-0.01619745743387048,1.17,8.0,22.64,1.22,6.75,16.5
Roma,Genoa,2,1,4,0.3621,0.4315,0.2064,0.23,0.4,0.37,0.2,0.6,0.2,0.24242424242424243,-2,-7,0.0518195346320347,0.027165781853281848,0.07504058441558441,1.45,4.68,8.08,1.32,5.54,11.66
Sampdoria,Bologna,1,0,4,0.6241,0.2173,0.1566,0.14,0.6,0.26,0.34539062500000006,0.6625,-0.007890625000000012,0.4838709677419355,-8,-2,-0.030496031746032326,0.07500768328893327,-0.03135939165109057,1.87,3.8,4.43,1.7,3.91,5.48
Spal,Chievo,0,0,4,0.4946,0.2628,0.2416,0.26375,0.55,0.18624999999999997,0.35929687499999996,0.7375,-0.09679687500000003,0.2434017595307918,0,2,0.46811507936507946,0.03366619443293202,0.0045995482811059946,2.24,3.16,3.82,2.22,3.09,4.0
Torino,Milan,1,1,4,0.4469,0.2425,0.3073,0.40164062500000003,0.38749999999999996,0.21085937500000002,0.3249999999999999,0.3500000000000001,0.325,0.06060606060606055,2,4,0.2136904761904761,0.017455350055001775,-0.059001552981332375,3.2,3.38,2.4,3.24,3.4,2.37
Verona,Sassuolo,0,1,4,0.3115,0.2686,0.4188,0.07999999999999999,0.6,0.32000000000000006,0.344140625,0.4375,0.21835937500000002,-0.06060606060606055,7,4,-0.9630952380952373,0.035572323219865795,-0.010727305072733492,4.44,3.5,1.94,4.6,3.7,1.86
Milan,Benevento,0,1,4,0.7226,0.2061,0.0709,0.252890625,0.6375,0.10960937500000005,0.38523437499999996,0.6125,0.0022656249999999933,0.8484848484848485,-14,-14,-0.861706349206349,-0.028778513153513152,-0.06724865888468831,1.23,6.79,15.39,1.24,6.55,13.5
Sassuolo,Fiorentina,1,0,4,0.0903,0.2443,0.6652,0.33226562499999995,0.38750000000000007,0.280234375,0.17187500000000003,0.32499999999999996,0.503125,-0.36363636363636365,12,4,1.6659226190476186,-0.07263063223541166,0.04897037704942116,3.08,3.34,2.49,3.06,3.22,2.58
Spal,Roma,0,3,4,0.0661,0.1794,0.7535,0.23875000000000002,0.44999999999999996,0.31125,0.24375000000000002,0.375,0.38125,-0.48484848484848486,12,13,0.11688988095238084,-0.004941328719869742,0.06347639664686879,5.17,3.7,1.78,5.35,3.52,1.8
Atalanta,Torino,2,1,4,0.4999,0.2589,0.2402,0.304375,0.32499999999999996,0.37062500000000004,0.27210937500000004,0.5125,0.215390625,0.18181818181818177,-2,-3,1.32307224025974,0.01979765554493816,-0.0014321021494135278,1.55,4.36,6.66,1.55,4.28,6.81
Cagliari,Bologna,0,0,4,0.2928,0.278,0.4285,0.103515625,0.6875,0.208984375,0.32000000000000006,0.7,-0.01999999999999999,0.030303030303030276,5,4,0.2067956349206348,0.00321501415251417,0.03571060164036172,1.98,3.38,4.47,2.0,3.27,4.55
Chievo,Inter,1,2,4,0.1495,0.2832,0.5671,0.20718749999999994,0.4750000000000001,0.31781249999999994,0.339921875,0.48750000000000004,0.17257812499999997,-0.12121212121212122,6,11,-0.5209077380952376,-0.0023371236606530843,0.05391132515892746,7.28,4.12,1.55,7.46,4.19,1.53
Juventus,Napoli,0,1,4,0.4263,0.3757,0.198,0.4,0.19999999999999996,0.4,0.517578125,0.1875,0.294921875,0.09090909090909083,-1,-1,-0.14301948051948088,0.04439964745057119,-0.02358630952380951,2.08,3.29,4.15,2.36,3.22,3.44
Lazio,Sampdoria,4,0,4,0.776,0.1116,0.0777,0.433984375,0.3125,0.253515625,0.3503125,0.575,0.07468750000000005,0.393939393939394,-6,-3,-0.41674818237318245,0.04290783229927966,-0.03655317109361228,1.33,5.84,9.96,1.36,5.63,8.9
Udinese,Crotone,1,2,4,0.6358,0.1959,0.1628,-0.07218749999999996,0.825,0.2471875,0.025000000000000022,0.95,0.025000000000000022,0.2727272727272727,-3,-4,-0.6869047619047626,0.03333958317510949,-0.062305100676327455,1.96,3.35,4.63,2.01,3.27,4.51
Genoa,Verona,3,1,4,0.5395,0.2516,0.2079,0.3296875,0.625,0.04531249999999998,0.4921875,0.625,-0.1171875,0.2727272727272727,-5,-7,0.8706845238095235,0.0464817555810203,0.0055317565830631105,1.48,4.34,8.48,1.42,4.8,8.9
Inter,Juventus,2,3,4,0.35,0.2801,0.3691,0.361328125,0.36250000000000004,0.27617187499999996,0.4565625,0.17500000000000004,0.3684375,-0.11428571428571432,1,4,-0.01586583351289228,-0.074711753217094,-0.0312310238780827,3.42,3.3,2.33,3.05,3.17,2.62
Roma,Chievo,4,1,4,0.706,0.1959,0.0969,0.40445312499999997,0.5125,0.08304687500000005,0.37031250000000004,0.625,0.004687499999999983,0.6,-12,-13,0.6730392156862748,0.008052711729182302,0.036784270411804626,1.38,5.18,9.5,1.31,5.78,11.6
Atalanta,Genoa,3,1,4,0.4006,0.4171,0.1824,0.36624999999999996,0.30000000000000004,0.33375,0.37,0.575,0.05500000000000002,0.25714285714285723,-3,-5,0.5017188693659276,0.05368243365046434,0.04204760061161446,1.34,5.23,11.42,1.42,4.8,8.83
Benevento,Udinese,3,3,4,0.2455,0.209,0.536,0.34375,0.75,-0.09375,0.21375000000000005,0.85,-0.06375000000000003,-0.08571428571428569,7,6,-0.37450980392156863,-0.061362497253045406,0.02380312065755838,3.64,3.61,2.11,3.04,3.32,2.53
Bologna,Milan,1,2,4,0.2907,0.2334,0.4713,0.2078125,0.625,0.1671875,0.344296875,0.36250000000000004,0.29320312499999995,-0.08571428571428574,3,5,1.1579831932773113,0.022088771424047318,-0.01723152502609794,5.56,3.82,1.71,5.99,3.94,1.65
Crotone,Sassuolo,4,1,4,0.4514,0.281,0.2671,0.27125,0.32500000000000007,0.40374999999999994,0.26289062500000004,0.38749999999999996,0.349609375,-0.02857142857142858,5,3,-1.9773109243697475,0.013488271931633808,-0.022628121414277447,2.14,3.36,3.86,2.3,3.2,3.58
Fiorentina,Napoli,3,0,4,0.0805,0.1955,0.7232,0.12500000000000003,0.3999999999999999,0.4750000000000001,0.27617187499999996,0.36250000000000004,0.361328125,-0.48571428571428577,8,7,0.5738434767846532,-0.02662050247741851,0.057126221529335705,7.07,4.57,1.51,7.58,4.71,1.47
Sampdoria,Cagliari,4,1,4,0.7115,0.1864,0.1,0.22398437499999999,0.6125,0.16351562499999997,0.41460937500000006,0.5874999999999999,-0.002109374999999941,0.5999999999999999,-11,-7,1.2547619047619047,0.06529010205480791,-0.047697080889122404,1.93,3.66,4.27,1.93,3.64,4.31
Torino,Lazio,0,1,4,0.3501,0.2193,0.4197,0.20429687500000002,0.3125,0.48320312499999996,0.2849999999999999,0.30000000000000004,0.41500000000000004,-0.257142857142857,7,6,-0.5147759103641456,-0.07473240705347786,-0.0636903789061866,4.99,4.2,1.7,5.31,4.13,1.68
Verona,Spal,1,3,4,0.2693,0.3044,0.4261,0.037500000000000006,0.75,0.2125,0.24695312499999997,0.48750000000000004,0.26554687499999996,0.11428571428571427,2,1,0.5323529411764705,0.0059831172287919815,0.014265933627161068,3.42,3.35,2.3,3.35,3.24,2.39
Juventus,Bologna,3,1,5,0.814,0.1524,0.0329,0.3753906249999999,0.5375000000000001,0.08710937499999999,0.413828125,0.5375000000000001,0.04867187499999995,0.7428571428571429,-11,-11,-0.6879551820728294,0.06423687558673266,-0.039798231423163126,1.16,8.61,20.11,1.13,9.44,25.95
Milan,Verona,4,1,5,0.5797,0.2739,0.1462,0.335546875,0.6875,-0.023046875000000022,0.28,0.8,-0.08000000000000004,0.5714285714285715,-10,-12,0.10256769374416441,-0.02416847858024327,0.0010513579937459216,1.15,9.1,21.95,1.11,11.25,26.2
Cagliari,Roma,0,1,5,0.0439,0.1411,0.8134,0.07562500000000005,0.44999999999999996,0.474375,0.20937500000000003,0.375,0.41562499999999997,-0.5142857142857142,11,12,0.034056956115779524,-0.02441378786534494,0.08796299336956777,8.48,4.95,1.42,8.14,5.09,1.42
Chievo,Crotone,2,1,5,0.5316,0.2444,0.2223,0.010234375000000018,0.5375,0.452265625,0.264296875,0.6125,0.12320312499999998,0.2857142857142857,-3,4,-1.1769607843137257,0.012341966598932524,-0.05859510898256118,2.42,2.97,3.64,2.28,3.12,3.75
Genoa,Fiorentina,2,3,5,0.2096,0.2701,0.5197,0.22164062500000004,0.5375,0.240859375,0.42398437499999997,0.26249999999999996,0.3135156250000001,-0.11428571428571432,6,2,0.5739495798319325,0.018814494809304513,0.012647897136150638,3.75,3.58,2.09,3.84,3.58,2.06
Lazio,Atalanta,1,1,5,0.5173,0.2249,0.2528,0.46375000000000005,0.09999999999999998,0.43624999999999997,0.34820312499999995,0.2875,0.3642968750000001,0.1428571428571428,0,-3,-0.15547099958864674,0.050664124468986965,-0.01108383638660454,2.03,3.57,3.96,1.98,3.57,4.16
Napoli,Torino,2,2,5,0.6842,0.18,0.1302,0.360625,0.55,0.08937499999999998,0.4791406250000001,0.4125,0.10835937499999995,0.6000000000000001,-9,-8,-0.714122315592904,0.035976790575899975,-0.00036706312786538575,1.24,6.71,14.26,1.22,7.42,14.1
Sassuolo,Sampdoria,1,0,5,0.2729,0.3062,0.4207,0.290234375,0.4375,0.272265625,0.36,0.6,0.04000000000000001,0.02857142857142858,5,4,1.4985060690943044,-0.05675305087069792,-0.02053125939804143,2.4,3.56,3.05,2.25,3.55,3.34
Spal,Benevento,2,0,5,0.5751,0.2446,0.1793,0.26875000000000004,0.5,0.23124999999999998,0.196328125,0.5875,0.21617187499999999,0.37142857142857144,-2,-2,-0.4473389355742299,0.006052326535845004,-0.04427717897486613,1.51,4.69,6.79,1.53,4.63,6.41
Udinese,Inter,0,4,5,0.147,0.2443,0.6081,0.012890624999999989,0.6625,0.32460937500000003,-0.10499999999999998,0.7,0.405,-0.31428571428571433,13,11,-0.13823529411764746,0.0038929000001664132,0.06363900379245647,6.39,4.08,1.61,4.58,3.72,1.86
Benevento,Genoa,1,0,5,0.2467,0.3342,0.419,0.199921875,0.6625,0.13757812500000002,0.18999999999999997,0.8,0.009999999999999981,-0.16216216216216217,9,9,-0.4249037999037997,0.017486234430248895,0.081799670344562,2.72,3.65,2.57,2.2,3.62,3.4
Inter,Sassuolo,1,2,5,0.8202,0.1201,0.0529,0.35,0.30000000000000004,0.35,0.323125,0.42500000000000004,0.25187499999999996,0.45945945945945943,-5,-7,-1.5193494776828103,0.049936442940772804,-0.06286599321552437,1.16,8.94,16.73,1.22,7.69,13.5
Atalanta,Milan,1,1,5,0.4295,0.2497,0.3182,0.408203125,0.26249999999999996,0.32929687500000004,0.380390625,0.2875,0.33210937500000004,0.10810810810810811,-1,1,1.6636964886964893,0.000674864461320715,-0.02892310576134105,1.88,3.65,4.32,2.28,2.92,4.04
Bologna,Chievo,1,2,5,0.6124,0.2332,0.1534,0.06132812500000001,0.6875,0.251171875,0.28289062499999995,0.7125,0.004609374999999999,0.32432432432432434,-5,-4,0.611772486772487,0.05852334394001059,0.014225629105452012,3.13,3.21,2.47,2.26,3.2,3.76
Crotone,Lazio,2,2,5,0.1634,0.1801,0.6451,0.23929687500000005,0.3374999999999999,0.423203125,0.35375000000000006,0.17499999999999993,0.47125,-0.43243243243243235,9,12,-0.5778439153439154,-0.09352260393927059,-0.03466471545592785,4.31,3.58,1.92,4.2,3.51,1.99
Fiorentina,Cagliari,0,1,5,0.6185,0.2283,0.152,0.36,0.6,0.04000000000000001,0.41093749999999996,0.625,-0.03593749999999998,0.37837837837837834,-7,-10,1.2054673721340388,-0.01664219972190986,-0.0013594560563084807,1.5,4.66,6.64,1.55,4.53,6.31
Roma,Juventus,0,0,5,0.1971,0.2163,0.5827,0.48414062499999994,0.1625000000000001,0.353359375,0.34375,0.25,0.40625,-0.29729729729729726,4,2,0.46607142857142847,-0.10297870978340538,0.029291310541310553,2.4,2.92,3.65,2.94,2.96,2.79
Sampdoria,Napoli,0,2,5,0.2168,0.2677,0.5149,0.18031250000000004,0.5249999999999999,0.29468750000000005,0.40164062500000003,0.38749999999999996,0.21085937500000002,-0.10810810810810811,1,7,0.42710437710437654,0.06467142471960302,-0.0012431809580932263,4.82,4.6,1.65,5.89,4.98,1.52
Torino,Spal,2,1,5,0.593,0.2483,0.1581,0.08500000000000005,0.5249999999999999,0.39,0.21429687499999994,0.4125000000000001,0.37320312499999997,0.3243243243243243,-6,-7,-0.4962962962962969,0.020341379848603805,-0.02516328114238331,2.34,3.33,3.28,1.92,3.44,4.7
Verona,Udinese,0,1,5,0.1808,0.214,0.6018,-0.029296875,0.9375,0.091796875,0.17906250000000007,0.7749999999999999,0.04593750000000002,-0.02702702702702703,6,1,0.03611111111111143,-0.03226292803821183,-0.010322820670220528,6.3,4.33,1.55,7.9,5.04,1.43
Juventus,Verona,2,1,5,0.929,0.0405,0.0084,0.4346875,0.675,-0.10968750000000005,0.4921875,0.625,-0.1171875,1.0,-18,-18,-0.6871693121693125,0.07479893690713527,-0.050553588849830314,nan,nan,nan,1.09,13.0,28.0
Cagliari,Atalanta,1,0,5,0.1221,0.1969,0.6788,0.14812500000000003,0.44999999999999996,0.401875,0.15398437499999995,0.48750000000000004,0.358515625,-0.2432432432432432,9,9,0.8456990540323872,-0.01819025988917629,0.015976384726384754,3.14,3.82,2.25,3.38,3.67,2.19
Chievo,Benevento,1,0,5,0.6881,0.2031,0.1076,0.30531249999999993,0.42500000000000004,0.2696875,0.31773437499999996,0.5375000000000001,0.14476562499999995,0.5405405405405406,-8,-4,-1.2849867724867727,0.014689014689014679,-0.04921267609176107,1.52,4.59,6.65,1.7,4.04,5.12
Genoa,Torino,1,2,5,0.3297,0.2561,0.4122,0.019140625000000022,0.6875,0.293359375,0.35468750000000004,0.475,0.1703125,0.0,4,2,0.521097883597883,0.023344425182660472,7.693649642992462e-05,2.66,3.66,2.66,2.28,3.71,3.16
Lazio,Inter,2,3,5,0.338,0.285,0.3764,0.384296875,0.38749999999999996,0.22820312500000003,0.35000000000000003,0.30000000000000004,0.3499999999999999,0.027027027027027084,2,-1,-0.4073916823916828,0.0454511490115205,0.039879605294140676,2.5,3.66,2.84,2.57,3.73,2.72
Milan,Fiorentina,5,1,5,0.2892,0.328,0.3827,0.34750000000000003,0.44999999999999996,0.2025,0.242109375,0.36250000000000004,0.395390625,0.10810810810810811,1,-2,-0.030379188712521987,-0.047059445685606674,0.004078251994918652,1.82,3.93,4.51,1.66,4.31,5.23
Napoli,Crotone,2,1,5,0.85,0.085,0.0407,0.349609375,0.38749999999999996,0.26289062500000004,0.4375,0.5,0.0625,0.8378378378378377,-16,-15,-1.3675044091710755,0.04536383929077592,-0.05547764360586861,1.49,5.39,5.98,1.41,5.55,7.13
Sassuolo,Roma,0,1,5,0.0479,0.2362,0.7159,0.3978125,0.17500000000000004,0.42718749999999994,0.38499999999999995,0.20000000000000007,0.415,-0.5405405405405405,13,8,0.5792989417989416,-0.06943716686363743,0.08644693179006904,4.44,3.68,1.89,4.84,3.85,1.78
Spal,Sampdoria,3,1,5,0.4097,0.2498,0.3379,0.28,0.6,0.12000000000000002,0.32460937500000003,0.6625,0.012890624999999989,0.13513513513513514,1,9,0.6660493827160492,0.014972107928764286,-0.04059575982821598,1.63,4.14,5.89,1.85,3.78,4.56
Udinese,Bologna,1,0,5,0.3829,0.2791,0.3373,0.261953125,0.7625,-0.024453124999999992,-0.03992187499999998,0.9125,0.12742187500000002,0.0,4,3,0.10701058201058133,0.01081243859021637,0.027635213322777824,1.53,4.39,6.94,1.56,4.29,6.69
